scaffold_global_id,scaffold_smiles,molecule_count,in_test_fold
890,c1ccc(-c2cnc(NCCCCCCNc3ncc(-c4ccccc4)[nH]3)[nH]2)cc1,3,1
468,O=C(NCCn1cc(Cc2csc3ccccc23)nn1)c1ccccc1,1,1
888,c1ccc(-c2cncn2CCCn2cncc2-c2ccccc2)cc1,3,1
176,O=C(Nc1ccccc1)c1ccc(S(=O)(=O)N2CCc3ccccc3C2)cc1,1,1
1156,C(=Cc1ccc2ccccc2[nH+]1)c1ccccc1,1,1
480,O=C(Nc1ccc2c(c1)ncn2CCc1nc2ccccc2[nH]1)c1ccccc1,1,1
276,c1ccc2occc2c1,1,1
1244,O=S(=O)(c1ccc2nc3sc(=NN=Cc4cccs4)n(-c4ccccc4)c3nc2c1)N1CCOCC1,1,1
406,c1ccc(-c2cc(OC3CCCNC3)c3ccccc3n2)cc1,1,1
290,O=C(Cc1ccccc1)Nc1cc(-c2ccccc2)c(-c2ccccc2)o1,1,1
1025,O=C(Nc1ccc2ncsc2c1)c1ccc[nH]1,2,1
64,c1ccc2c(c1)[nH]c1c3c(ccc12)CN(Cc1cncnc1)CC3,1,1
391,O=C1CCCO1,1,1
185,c1ccc(SCC2CNCCC2c2ccccc2)cc1,1,1
102,c1ccc2sc(Cc3ccc(SCc4ccno4)cc3)cc2c1,1,1
372,O=c1ccc(-c2nc3ccccc3[nH]2)n[nH]1,1,1
1120,C(#Cc1ccnc2ccccc12)CN1CCN(CCSc2cccs2)CC1,1,1
428,O=C1CSc2ccc(CNC3CCC(CCc4cccc5nccnc45)OC3)nc2N1,2,1
755,c1ccc(Cn2ccc3cc(OCCCNCc4ccc(Oc5nnnn5-c5ccccc5)cc4)ccc32)cc1,2,1
491,O=C(Nc1ccccn1)NC1CC1,1,1
381,S=C(NN=C(c1ccccc1)c1ccccc1)N1CCNCC1,1,1
52,O=C1CC2N1CC(C=CC[n+]1ccccc1)S2(=O)=O,1,1
840,O=C(CCc1ccccc1)NCC(=O)NCC(=O)NCC(=O)NCC(=O)NC1CCNC1,1,1
561,O=c1[nH]sc2ccccc12,1,1
514,O=C1CCc2cc(C=CC(=O)N3CC(c4ccc5ccccc5n4)C3)cnc2N1,1,1
671,c1ccc(-c2nnc3[nH]cccc2-3)cc1,1,1
1294,O=C1CCc2cc(C=CC(=O)N3CCC(Cn4cncn4)CC3)cnc2N1,1,1
292,O=C(Nc1ccc2c(c1)OCO2)C(c1ccccc1)N1CCC(Cc2ccccc2)CC1,1,1
529,O=C(CSc1nc(=O)cc[nH]1)Nc1ccccc1,1,1
530,O=c1nc(C=Cc2ccc(C=Cc3cc[nH]c(=O)n3)cc2)cc[nH]1,1,1
523,O=C(C=Cc1cnc2c(c1)CCC(=O)N2)NCc1cc2ccccc2o1,1,1
1200,O=C(C=Cc1cccc(Cc2ccccc2)c1)N1Cc2ccccc2C=N1,1,1
197,C(=Cc1nc2ccccc2s1)c1cccs1,1,1
416,O=C(NCCCOc1ccccc1)C1=NOC2(CC=CC=CO2)C1,1,1
241,O=C(Nc1nc2ccc(S(=O)(=O)N3CCOCC3)cc2s1)c1ccccc1,1,1
845,O=C(CCc1ccccc1)NCC(=O)NCC(=O)NCC(=O)NCC(=O)NCC(=O)NCC(=O)NCC(=O)NCC(=O)NCC(=O)N1CCCC1,1,1
383,O=C(NCCn1cc(CCCCCc2cn(Cc3ccccc3)cn2)nn1)c1ccccc1,1,1
901,O=C1COc2ccc(CNC3COC(CCc4ccnc5ccccc45)OC3)nc2N1,3,1
552,O=c1[nH]cnc2[nH]c(SCc3ccccc3)nc12,37,1
858,O=S(=O)(Nc1ccc(-c2nc3cc(NS(=O)(=O)c4ccccc4)ccc3o2)cc1)c1ccccc1,3,1
50,O=C1CC2N1CC(C=Cc1cncs1)S2(=O)=O,2,1
998,O=c1ccn(C2CCC(CCC3CCCC(OC4CCCCO4)O3)O2)c(=O)[nH]1,2,1
788,O=C(NC1CCCCC1)C1CSCC(=O)N1N=Cc1ccco1,1,1
536,O=C(NCCc1ccnc(-c2ccncc2)n1)c1ccc2ocnc2c1,1,1
116,O=C(CCC1C(=O)N(c2ccccc2)N(c2ccccc2)C1=O)c1ccccc1,1,1
1204,O=C(CNC(=O)C(CC1CCCCC1)NC(=O)CNC(=O)C(CC1CCCCC1)NC(=O)CNC(=O)C(CC1CCCCC1)NC(=O)c1c[nH]c2ncccc2c1=O)NCCC1CCCCC1,1,1
414,C(=CCc1ccccc1)Cc1ccccc1,2,1
579,O=C(CCc1ccccc1)c1cccc2c1OC(c1ccccc1)C(CC=Cc1ccccc1)C2,6,1
859,O=C(C=Cc1cccnc1)N1CCC(c2ccccn2)C1,1,1
1284,O=C1CCc2cc(C=CC(=O)N3CCN(Cc4ccccc4)CC3)cnc2N1,1,1
926,C(=Cc1ccccc1)Cn1cc(CCCCCc2nc[nH]c2-c2ccccc2)nn1,6,1
244,O=c1cc(CSc2nnc(Cc3ccccc3)[nH]2)c2ccccc2o1,1,1
79,O=C(Nc1ccccc1)Nc1nccs1,1,1
954,O=c1ccc2ncc(=O)n3c2n1CC3CN1CCC(NCc2cc3c(cn2)OCCC3)CC1,2,1
221,c1ccc(Nc2ccccc2)cc1,6,1
632,O=C1NC2CSC(CCCCCc3cn(CCCCn4cnc5cncnc54)nn3)C2N1,1,1
554,O=C(CSc1nc2c(=O)[nH]cnc2[nH]1)c1ccc(-c2ccccc2)cc1,1,1
45,O=C(OCc1ccccc1)C1CCC2C=CNCC21,1,1
856,O=S(=O)(Nc1ccc2oc(-c3ccc(NS(=O)(=O)c4cccc5nonc45)cc3)nc2c1)c1cccs1,1,1
362,O=c1ccccn1Cc1ccccc1,7,1
853,O=C(Oc1ccc2nc(-c3ccccc3)ccc2c1)c1ccccc1,1,1
559,O=C(Cn1sc2ccccc2c1=O)NNC(=O)C12CC3CC(CC(C3)C1)C2,1,1
875,O=C(COc1ccccc1)NNC(=S)NC(=O)c1c[nH]c2ccccc12,1,1
433,O=C1CSc2ccc(CNC3CCC(CCc4cccc5cccnc45)OC3)nc2N1,1,1
1133,O=C1COc2ccc(CNC3COC(CC4Cn5c(=O)ccc6nccc4c65)OC3)nc2N1,1,1
1076,O=c1cnc2ccccc2n1CCC1OCC(NCc2ccc3c(c2)OCCO3)CO1,1,1
211,c1ccc(-c2ccc3[nH]cnc3c2)cc1,1,1
77,O=C(Nc1ccccc1)Nc1nc(-c2cccs2)cs1,1,1
222,c1ccc(-c2ccccc2)cc1,16,1
940,O=c1cc(NCCCN2CCN(c3nccc4ccccc34)CC2)c2ccccc2o1,19,1
984,O=C(C1CCCNN1C(=O)CCC1CCCC1)N1CCCCC1,1,1
661,c1ccc2c(-c3cncs3)n[nH]c2c1,1,1
1005,O=c1sn(-c2cccc3ccccc23)c(=O)n1CCc1ccccc1,1,1
1164,O=C(Nc1cccs1)NC(C(=O)NC1C(=O)N2CCSC12)c1ccccc1,2,1
585,O=C1OC(=Cc2ccccc2)C(c2ccccc2)=C1C(=O)c1ccco1,2,1
760,O=C1CCc2cc(C=CC(=O)N3CCCC3)cnc2N1,1,1
711,C(=Cc1ccccc1)CNCc1cccc2ccoc12,13,1
266,O=C1c2ccccc2C(=O)c2c1cc(C1CCCCO1)c1ccccc21,1,1
1262,O=C1NC(=O)C(=CC=Cc2ccc(OCc3ccccc3)cc2)C(=O)N1,9,1
412,O=C(NCP(=O)(Oc1ccccc1)Oc1ccccc1)OCc1ccccc1,1,1
423,c1cc(CCC2CCC(NCc3cc4c(cn3)OCCO4)CO2)c2nccnc2c1,1,1
1302,O=C1CCc2cc(C=CC(=O)N3CC4C=C(c5ccsc5)CC4C3)cnc2N1,5,1
539,c1ccc(-c2ccc(CCCCN3CCC(C(c4ccccc4)c4ccccc4)CC3)cc2)cc1,1,1
260,O=C1C2=C3C4=[N+](CCc5c[nH]c1c54)C1CC=C4SC(CC43C1)N2,1,1
66,c1ccc2c3c([nH]c2c1)CN(Cc1cncnc1)CC3,1,1
1098,O=C(CN1CCN(c2ccc3c(=O)ccn(C4CC4)c3c2)CC1)Nc1ccc(S(=O)(=O)Nc2cnc3ccccc3n2)cc1,2,1
886,c1ccc(-c2cncn2CCCCCCn2cncc2-c2ccccc2)cc1,4,1
332,O=C(CCC1CCCC1)N1CCCC1,19,1
426,O=C1CSc2ccc(CNC3CCC(COc4ccnc5cccnc45)OC3)nc2N1,1,1
1073,c1cnc2c(CCC3OCC(NCc4cc5c(nn4)OCCS5)CO3)ccnc2c1,2,1
1023,O=c1[nH]c(-c2cc(-c3ccco3)ncn2)nc2ccccc12,1,1
59,O=C(NCc1cc2ccccc2n1Cc1ccccc1)c1ccccc1,1,1
543,c1ccc(OCCCN2CCC(C(c3ccccc3)c3ccccc3)CC2)cc1,1,1
651,c1c[nH]c(-c2cncs2)c1,1,1
568,S=C(Nc1cccc(C2=NCCN2)c1)c1ccc(-c2ccc(C(=S)Nc3cccc(C4=NCCN4)c3)cc2)cc1,1,1
24,c1ccc(CNC2CCCC(Nc3ccc4ccccc4n3)C2)cc1,2,1
193,c1ccsc1,3,1
44,C1=CC2CCCC2CN1,6,1
1011,O=c1sn(-c2cccc3c2CCC3)c(=O)n1Cc1ccccc1,1,1
765,c1ccc(OCC2CCCNC2)cc1,1,1
1136,O=C1CSc2ccc(C(=O)NC3COC(CCc4ccnc5cccnc45)OC3)nc2N1,1,1
975,O=C(c1ccccc1)c1ccc[nH]1,6,1
352,O=C(NCCc1cnccn1)NC(=O)C1CCCN1C(=O)CCC1CCCC1,1,1
1095,O=C(CN1CCN(c2ccc3c(=O)ccn(C4CC4)c3c2)CC1)Nc1ccccc1,2,1
410,O=[PH](Oc1ccccc1)Oc1ccccc1,6,1
768,O=C1CCc2cc(C=CC(=O)N3CC(OCc4cccs4)C3)cnc2N1,1,1
1218,O=c1ccn(C2CCC(C(C#Cc3cccc(NS(=O)(=O)c4ccccc4)c3)OC3CCCO3)O2)c(=O)[nH]1,1,1
918,O=C(CCc1ccccc1)NC1COC(=O)C2CCCN2C(=O)CNC(=O)C2CCCCN2C(=O)C2CCCN2C1=O,1,1
1038,O=C(NN=Cc1ccco1)c1ccncc1,1,1
1310,O=C1CCc2cc(C=CC(=O)N3CC4C=C(c5cccnc5)CC4C3)cnc2N1,3,1
472,C(#Cc1cncnc1)Cc1cccc(-c2ccncc2)c1,10,1
817,c1cncc(-c2ccc(-c3ccncc3)c3ccncc23)c1,1,1
1086,c1cnc2c(CCC3OCC(NCc4cc5c(cn4)OCS5)CO3)ccnc2c1,1,1
702,O=C(Nc1ccccc1)c1ccc2c(c1)C(=O)N(Cc1ccccc1)C2=O,1,1
287,c1ccc(Nc2ccccn2)cc1,1,1
1283,O=C1CCc2cc(C=CC(=O)N3CCC=C(c4ccccc4)C3)cnc2N1,1,1
1117,c1ccc2c(-c3csc(-c4c[nH]c5ccccc45)n3)c[nH]c2c1,2,1
82,c1ccc(Cn2cnc(-c3ccsc3)c2)cc1,6,1
907,O=C(Nc1ccc(Oc2ccccc2)cc1)c1ccccc1,1,1
1108,O=C(C=CN1CCCCC1)Nc1ccc2ncnc(Nc3ccccc3)c2c1,1,1
430,O=C1CSc2ccc(CNC3CCC(C(=O)Nc4ccnc5cccnc45)OC3)nc2N1,1,1
1041,O=c1oc2ccc3ccccc3c2cc1-c1csc(NN=Cc2ccc(OCc3cn(-c4ccccc4)nn3)cc2)n1,1,1
615,c1cnc2ncnc(-c3ccn[nH]3)c2c1,1,1
1031,c1cncc(-c2cnc3[nH]c4ccccc4c3c2N2CCCCC2)c1,1,1
990,O=C(Nc1cc(N2CCNCC2)ncn1)C1CCCNN1C(=O)CCC1CCCC1,1,1
1271,O=C1CCc2cc(C=CC(=O)N3CCCC(Oc4ccccc4)C3)cnc2N1,1,1
33,O=C(CCc1ccccc1)NCC(=O)NCC(=O)NC1CSC(=O)CNC(=O)CNC(=O)C(Cc2ccccc2)NC(=O)CNC1=O,7,1
364,c1ncc(-c2cc(C3CCCO3)c3[nH]cnc3c2)cn1,3,1
763,c1ccc(C(c2ccccc2)N2CCC2)cc1,1,1
515,O=C1CCc2cc(C=CC(=O)N3CC(c4ccccn4)C3)cnc2N1,1,1
1199,c1ccc(OCCCOc2cccc3cc4[n+](cc23)CCc2cc3c(cc2-4)OCO3)cc1,1,1
1190,O=c1c(-c2ccc3c(=O)c4ccccc4oc3c2)coc2ccccc12,1,1
969,c1ccc(CSc2nnc(N3CCOCC3)s2)cc1,1,1
278,O=C1CSC(NC(=O)N2c3ccccc3Sc3ccccc32)=N1,1,1
1032,O=C(Nc1cccc(-c2ccncn2)c1)c1ccccc1,3,1
1085,c1cnc2c(CCC3OCC(NCc4cnc5c(n4)OCCO5)CO3)ccnc2c1,1,1
827,O=C1CCOc2ccccc21,1,1
234,C1=Cc2ccccc2OC1,6,1
245,O=c1oc2ccccc2cc1Cc1ccccc1,1,1
1123,c1ccc(CCN2CCN(CCCc3ccnc4ccccc34)CC2)cc1,1,1
589,O=c1ccocc1Oc1ccccc1,3,1
262,O=C1OC2CCC(CCCC3CCC=CC3Cc3cccc1c3)OC2,1,1
479,O=C(Nc1ccc2c(c1)ncn2CCc1c[nH]c2ccccc12)c1ccccc1,1,1
944,O=c1cc(CCCCN2CCN(c3nccc4ccccc34)CC2)c2ccccc2o1,1,1
1140,c1ccc2cc(SC3CCCCO3)ccc2c1,1,1
745,O=C(NCC1Cc2nc[nH]c2C(c2c[nH]cn2)C1CNC(=O)c1ccc[nH]1)c1ccc[nH]1,1,1
238,c1ccc(Nc2ncnc(-c3cc4ccccc4o3)n2)cc1,1,1
1209,O=c1ccc2ccccc2[nH]1,1,1
771,O=C1CCc2cc(C=CC(=O)N3CCC(Oc4cccnc4)C3)cnc2N1,1,1
553,O=C(CSc1nc2nc[nH]c(=O)c2[nH]1)c1ccccc1,4,1
631,c1ncc2ccc(-c3cnc4[nH]ccc4c3)cc2n1,1,1
1234,O=C(NC1CCN(CCc2ccnc3cccnc23)CC1)c1ccccc1,3,1
209,c1cncc(-c2cc3nc[nH]c3cc2N2CCCCC2)c1,1,1
87,c1ccc(Cc2nc(-c3ccccc3)c[nH]2)cc1,1,1
124,c1csc(CCNCc2ccccc2OCCN2CCOCC2)c1,1,1
1281,O=C1CCc2cc(C=CC(=O)N3CC=C(c4cc5ccccc5o4)CC3)cnc2N1,1,1
737,O=C1CCSCc2cc3cc(c2)CSCC(NC(=O)C2CCCN2C(=O)C2CCCN2C(=O)CNC(=O)CNC(=O)CNC(=O)CN1)C(=O)NCC(=O)NCC(=O)NCC(=O)NCC(=O)NCC(=O)NCC(=O)NCCSC3,1,1
297,O=C(OC1CCCCC1)N(CCCCCCc1cn(CCCCCCCc2c[nH]cn2)nn1)CCc1ccccn1,1,1
1312,O=C1CCc2cc(C=CC(=O)N3CC4CC(n5cccn5)CC4C3)cnc2N1,1,1
591,O=c1cc(COc2ccccc2)[nH]cc1Oc1ccccc1,15,1
1036,c1ccc2ncccc2c1,1,1
459,c1cncc(-c2nc3ccccc3n2-c2ccc3cncnc3c2)c1,1,1
1171,O=C1NC(c2c[nH]c3ccccc23)CN=C1c1c[nH]c2ccccc12,1,1
129,c1csc(CCNCc2ccccc2OCc2nc3ccccc3[nH]2)c1,1,1
913,O=C1NC(=O)C2(Cc3cc4c(N5CCOC5=O)noc4cc3N3CCOCC32)C(=O)N1,2,1
1207,O=c1[nH]c(=O)c2nn(CC3CCC3)cc2[nH]1,1,1
582,O=C(CCC(=O)NCCc1ccccc1)NCCCNCCCCN(Cc1ccccc1)Cc1ccccc1,1,1
240,O=C1C(=Cc2ccccc2)SC(=S)N1c1ccccc1,5,1
991,O=C(Nc1cccc2c1COB2)C1CCCNN1C(=O)CCC1CCCC1,1,1
248,O=C(C=Cc1cnc2c(c1)CCC(=O)N2)NCc1cc2ccccc2s1,1,1
343,O=C(NC(=O)C1CCCN1C(=O)CCC1CCCC1)NC1CCC1,1,1
323,O=C(NC1CCN(c2nnco2)CC1)c1ccc[nH]1,1,1
1048,c1ccc(-c2[nH]cnc2CCCCCc2c[nH]nn2)cc1,1,1
807,O=C(OCc1ccc(-c2ccncc2)c2ccncc12)N1CCN(CC2CC2)CC1,1,1
436,C(=CC1CCC(NCc2cc3c(cn2)OCCO3)CO1)c1ccnc2cccnc12,1,1
782,O=C(NC1CCCCC1)C1CCC(=O)N1N=Cc1ccco1,1,1
30,C1=C(CNc2ccc3ccccc3n2)C(NCc2ccccc2)CC1,1,1
355,O=C(CCc1ccccc1)NCC(NC(=O)CNC(=O)NCCc1c[nH]c2ccccc12)C(=O)NC=C1CCC(n2ccc(=O)[nH]c2=O)O1,4,1
709,O=c1ccc2c(-c3ncc(-c4cccnc4)s3)n[nH]c2[nH]1,3,1
812,c1ccc(Cc2ccc(-c3ccncc3)c3ccncc23)cc1,1,1
1064,O=C(COc1ccc2c(-c3ccccc3)cc(=O)oc2c1)NCCc1c[nH]c2ccccc12,1,1
32,C=C1C(=O)N2C=CCS(=O)(=O)C12,1,1
1197,c1coc(CNCC2CC3CCN2CC3c2ccnc(-c3ccncc3)n2)c1,2,1
299,O=c1ccc(-c2ccccc2)c[nH]1,1,1
974,O=C1CCOC(=O)C(Cc2ccccc2)NC(=O)CNC(=O)CNC(=O)CN1,1,1
939,O=C(Cc1n[nH]c(=O)o1)Nc1ccc(NC(=O)c2ccc[nH]2)c(-c2ncon2)c1,1,1
1084,c1cnc2c(CCC3OCC(NCc4cc5c(nn4)OCCO5)CO3)ccnc2c1,1,1
71,C1=CC(C2CC2)Oc2cccc(Cc3cncnc3)c21,3,1
462,c1ccc2c(c1)nc(-c1ccsc1)n2-c1ccc2cncnc2c1,1,1
851,c1ccc(-c2ccc3cc(OCCCN4CCOCC4)ccc3n2)cc1,1,1
938,O=C(Nc1ccccc1-c1ncon1)c1ccc[nH]1,2,1
1288,O=C1CCc2cc(C=CC(=O)N3CCC(Cc4coc5ccccc45)CC3)cnc2N1,1,1
933,O=C(NC1C(=O)N2CCSC12)c1ccccc1,1,1
298,O=C(NCCCCCCCc1c[nH]cn1)OC1CCCCC1,1,1
1189,O=c1ccn(Cc2cccs2)cc1Cc1ccccc1,1,1
1109,c1ccc2c(c1)N=C(NCCN1CCNCC1)c1ccccc1O2,1,1
1177,O=C(C=Cc1ccccc1CCc1ccccc1)OCCc1ccccc1,1,1
378,c1ccc(-c2ccc(-c3cccc(-c4cc5ccccc5c[nH+]4)c3)cc2)cc1,1,1
576,C(#Cc1cncnc1)Cc1cccc(N2CCOCC2)c1,2,1
347,O=C(NCCc1ccccc1)NC(=O)C1CCCN1C(=O)CCC1CCCC1,1,1
49,O=C1C(=Cc2ccccn2)C2N1C=C(C=Cc1cccc[nH+]1)CS2(=O)=O,1,1
114,O=C1C(Cc2ccc(C3C=CC=CC3)cc2)C(=O)N(c2ccccc2)N1c1ccccc1,1,1
156,O=c1[nH]sc2c1c(=O)c1ccc(-c3cccnc3)cc1n2C1CC1,11,1
716,C(=Cc1ccccc1)CNCc1cccc2occc12,1,1
679,c1ccc(Cn2ccc3cc(OCCCN4CCOCC4)ccc32)cc1,2,1
935,O=C1CC2CC(SC3CCNC3)=CN12,1,1
368,c1c[se]c(SCCN2CCC(CCCc3ccnc4ccccc34)CC2)c1,5,1
639,c1cncc(-c2cnc3cc[nH]c3c2)c1,6,1
586,O=C(NC1CCc2ncsc2C1)c1ccc[nH]1,6,1
1315,O=C1CCc2cc(C=CC(=O)N3CC4C=C(c5nccs5)CC4C3)cnc2N1,1,1
366,O=C(C=Cc1ccc(Oc2ccccc2)cc1)c1ccccc1,1,1
1266,O=c1c(-c2cscn2)c[nH]c2ccccc12,1,1
199,O=c1cc(-c2cc(-c3ccccn3)c3[nH]cnc3c2)cc[nH]1,1,1
232,O=C(OC1CCC2CC3c4[nH]c5ccccc5c4CCN3CC2C1)c1ccccc1,1,1
439,c1ccc(-c2nc[nH]n2)nc1,6,1
606,c1cnc2ncnc(-c3nccs3)c2c1,4,1
618,c1cnc2nc(C3CCC3)ncc2c1,1,1
108,O=C1N(c2ccccc2)N(c2ccccc2)C(=O)C1(CCCCCCc1ccccc1)CCCCCCc1ccccc1,1,1
1139,O=C(NCC1CCC(CNC(=O)c2ccccc2)O1)c1ccccc1,1,1
353,O=C(NCCc1c[nH]cn1)NC(=O)C1CCCN1C(=O)CCC1CCCC1,1,1
1049,C(=CCn1cc(CCCCCc2nc[nH]c2-c2ccccc2)nn1)CC1CCCCC1,1,1
1241,O=C(NCCn1cc(CCCCCc2[nH]cnc2-c2ccoc2)nn1)c1ccccc1,1,1
811,c1cc(-c2ccc(Cn3ccnn3)c3cnccc23)ccn1,1,1
1259,O=C1NC(=O)C(=CC=Cc2ccc(OCC(=O)c3ccco3)cc2)C(=O)N1,1,1
219,c1ccc(Cc2ccc(Oc3ccccc3)cc2)cc1,1,1
351,O=C(NCCc1ccccn1)NC(=O)C1CCCN1C(=O)CCC1CCCC1,1,1
1223,O=C(Nc1ccccc1)c1cccc(C#CC(OC2CCCO2)C2CCC(n3ccc(=O)[nH]c3=O)O2)c1,1,1
865,O=C(Cc1ccccc1)N1CCC(c2ccccn2)C1,1,1
614,c1cnc2ncnc(-c3ncc[nH]3)c2c1,2,1
778,O=C1CCc2cc(C=CC(=O)N3CC(Oc4ccccc4)C3)cnc2N1,1,1
809,c1cc(-c2ccncc2)c2ccncc2c1,10,1
742,O=C(CCc1ccccc1)c1ccccc1,1,1
1285,O=C1CCc2cc(C=CC(=O)N3CCN(c4ccccc4)CC3)cnc2N1,1,1
715,C(C=Cc1ccccc1)=CCNCc1cccc2ccoc12,1,1
169,O=C1CCC=CCCCCOC(=O)C=CC=CCCC=CC=CCCC1,1,1
862,O=C(C=Cc1cccnc1)N1CCC(c2ccccc2)C1,3,1
705,O=c1ccc2c(-c3cnc(-c4ccc(N5CCNCC5)nc4)s3)n[nH]c2[nH]1,1,1
818,c1cc(-c2cn[nH]c2)c2ccncc2c1,1,1
463,c1ccc2c(c1)nc(-c1cscn1)n2-c1ccc2cncnc2c1,1,1
498,c1cncc(-c2ccncc2-c2cccnc2)c1,1,1
985,O=C(Nc1ccccn1)C1CCCNN1C(=O)CCC1CCCC1,7,1
567,O=C(Nc1cccc(C2=NCCCN2)c1)c1ccc(-c2ccc(C(=O)Nc3cccc(C4=NCCCN4)c3)cc2)cc1,1,1
1148,O=C1OC23C=C1C(=O)C1C(C=CCCC=CC2C=CCC3)C=CC2C(OC3CCC(OC(=O)c4ccccc4)CO3)CCCC21,2,1
175,O=C(Nc1ccccc1)c1ccc(S(=O)(=O)N2CCC(c3ccccc3)CC2)cc1,1,1
1010,O=c1sn(-c2cccc3c2CCCC3)c(=O)n1Cc1ccccc1,1,1
429,O=C1CSc2ccc(CNC3CCC(C=Cc4ccnc5cccnc45)OC3)nc2N1,1,1
1097,O=C(CN1CCN(c2ccc3c(=O)ccn(C4CC4)c3c2)CC1)Nc1ccc(S(=O)(=O)Nc2ccon2)cc1,2,1
283,O=C(Nc1ccccc1)C(c1ccc2c(c1)OCO2)N1CCCCC1,3,1
55,C1=COC(OC2CCCC(OC3CCCCO3)C2)CC1,1,1
255,C(CCOC1CC2CCCC3CCC4OOC32C(O1)O4)COC1CC2CCCC3CCC4OOC32C(O1)O4,1,1
968,O=C(Nc1nnc(SCc2ccccc2)s1)c1cccnc1,1,1
1183,c1ccc(CCc2ccccc2)cc1,1,1
57,O=C(c1ccccc1)N1CCc2c(c3ccccc3n2Cc2ccccc2)C1,1,1
1311,O=C1CCc2cc(C=CC(=O)N3CC4C=C(c5cn[nH]c5)CC4C3)cnc2N1,2,1
731,O=C1CCSCc2cc3cc(c2)CSCC(NC(=O)C2CCCN2C(=O)C2CCCN2C(=O)CNC(=O)CNC(=O)CN1)C(=O)NCC(=O)NCC(=O)NC(Cc1ccccc1)C(=O)NCC(=O)NCCSC3,2,1
164,O=c1ccn(C2CC2)c2cc(N3CC4CCCNC4C3)ccc12,1,1
110,O=C1C(CCSCc2ccccc2)C(=O)N(c2ccccc2)N1c1ccccc1,1,1
375,O=C1CN(C(=O)c2ccc(Oc3ccccc3)cc2)CCN1,3,1
527,c1ccc(-c2nc3ccccc3[nH]2)cc1,35,1
535,O=C(CSc1ncc2ccsc2n1)Nc1ccccc1,2,1
920,O=C(Oc1cccc2nc3ccccc3nc12)c1ccco1,1,1
894,c1ccc(-c2cnc(NCCCCCCCCNc3ncc(-c4ccccc4)[nH]3)[nH]2)cc1,1,1
1019,O=C(Nc1ccccc1OC1CCNC1)c1ccc[nH]1,2,1
652,C(=Cc1ncsc1-c1ccc[nH]1)c1cccnc1,1,1
1094,O=c1ccn(C2CC2)c2cc(N3CCN(N=Nc4ccc(S(=O)(=O)Nc5cnccn5)cc4)CC3)ccc12,1,1
706,O=c1ccc2c(-c3cnc(-c4ccc(CN5CCNCC5)nc4)s3)n[nH]c2[nH]1,1,2
171,O=C(Nc1ccccc1)c1ccc(S(=O)(=O)N2CC3CCCC(C3)C2)cc1,1,2
271,O=C(Nc1ccccc1)C(=O)c1c[nH]c2ccccc12,1,2
891,c1ccc(-c2cnc(NCCCCNc3ncc(-c4ccccc4)[nH]3)[nH]2)cc1,2,2
210,O=C(NC1CC1)c1cn(-c2ccc3[nH]cnc3c2)cn1,1,2
722,c1ccc(NCc2cnc3ncncc3n2)cc1,1,2
141,c1ccc(OCCCCc2cnc(Nc3ccc4c(c3)CCC4)nc2)cc1,1,2
916,O=C1CNC(=O)C2CCCN2C(=O)C(NC(=O)CCc2ccccc2)COC(=O)C2CCCN2C(=O)CN1,1,2
1000,O=C1C2=C(Nc3ccccc3SC2c2ccccc2)c2ccccc21,1,2
200,O=C(NC1CC1)c1cn(-c2cc(-c3ccccn3)c3[nH]cnc3c2)cn1,1,2
317,c1cc(-c2ccc3cncnc3c2)c2cc[nH]c2c1,2,2
307,O=c1cccc(C2c3c(cc(C=Cc4ccccc4)oc3=O)OC2c2ccccc2)o1,1,2
304,C(#Cc1cncnc1)Cc1ccc(-c2ccccc2)cc1,1,2
11,O=C1CC2N1CC(Cn1ccnn1)S2(=O)=O,2,2
148,O=c1[nH]sc2c1c(=O)c1ccc(-c3cnc4ccccc4c3)cc1n2C1CC1,1,2
889,c1ccc(-c2cncn2CCCCn2cncc2-c2ccccc2)cc1,2,2
434,c1cnc2c(CCC3CCC(NCc4cc5c(nn4)OCCO5)CO3)ccnc2c1,1,2
1158,O=C1NC(=O)C2(Cc3cc4c(N5CCCC5)noc4cc3N3CCOCC32)C(=O)N1,2,2
1230,O=C(Nn1cnc2ccccc2c1=O)c1cc2ccccc2[nH]c1=O,1,2
1228,c1ccc2c(-c3nc(-c4c[nH]c5ncccc45)cs3)c[nH]c2c1,6,2
411,O=C(CCc1ccccc1)NCC(=O)NCP(=O)(Oc1ccccc1)Oc1ccccc1,3,2
399,c1ccc2c(CCCC3CCN(C4CC(c5ncco5)C4)CC3)ccnc2c1,1,2
611,c1cncc(-c2ncnc3ncccc23)c1,1,2
1203,O=C(CNC(=O)C(CC1CCCCC1)NC(=O)CNC(=O)C(CC1CCCCC1)NC(=O)CNC(=O)c1c[nH]c2ncccc2c1=O)NCCC1CCCCC1,1,2
136,c1cnc(Nc2ccc3c(c2)CCC3)nc1,3,2
584,O=C1OC(=Cc2ccccc2)C(c2ccccc2)=C1C(=O)c1ccccc1,4,2
313,C(=CCc1ccccc1)CCCCCCC1C=CCC2CCCCC12,2,2
573,C(#Cc1cccc(C#Cc2ccccc2)c1)c1ccccc1,1,2
887,c1ccc(-c2cncn2CCCCCn2cncc2-c2ccccc2)cc1,4,2
1063,O=C(NC(Cc1c[nH]c2ccccc12)C(=O)Nc1ccccc1)C1CCNCC1,1,2
159,O=c1[nH]sc2c1c(=O)c1ccc(-c3cncc(C4CCCCN4)c3)cc1n2C1CC1,1,2
507,O=C1C2=CC3C(=O)C=CCC3CC2Cc2ccccc21,3,2
1307,O=C1CCc2cc(C=CC(=O)N3CC4C=C(c5ccoc5)CC4C3)cnc2N1,1,2
1150,O=C1OC23C=C1C(=O)C1C(C=CCCC=CC2C=CCC3)C=CC2C(OC3OCCCC3OC(=O)c3ccccc3)CCCC21,2,2
345,O=C(NC(=O)C1CCCN1C(=O)CCC1CCCC1)NC1CCCCC1,1,2
630,c1coc(-c2nc3cccnc3n2-c2ccc3cncnc3c2)c1,1,2
1101,O=C(CCN1CCN(c2ccc3c(=O)ccn(C4CC4)c3c2)CC1)Nc1ccc(S(=O)(=O)Nc2ncccn2)cc1,1,2
847,O=C(CCc1ccccc1)NCC(=O)N1CCCC1C(=O)NCC(=O)NCC(=O)NCC(=O)N1CCCC1C(=O)NCC(=O)N1CCCC1C(=O)NCC(=O)N1CCCC1,1,2
909,c1ccc(-c2c(-c3ccncc3)[nH]c3nccnc23)cc1,1,2
310,c1ccc(-c2ccsc2)cc1,3,2
97,O=C(CCc1ccccc1)NCC(=O)NCC(=O)NC1CSC(=O)C(Cc2ccccc2)NC(=O)CNC(=O)CNC(=O)CNC1=O,1,2
1174,O=C(C=Cc1ccccc1)CC(=O)C=Cc1ccccc1,2,2
882,c1ccc2c(-c3ccncn3)c[nH]c2c1,14,2
494,c1cncc(-c2nccs2)c1,3,2
452,c1ccc2c(c1)nc(-c1nccs1)n2-c1ccc2cncnc2c1,9,2
157,O=c1[nH]sc2c1c(=O)c1ccc(-c3ccncc3)cc1n2C1CC1,7,2
797,O=c1[nH]c2ccccc2cc1-c1ccccc1,1,2
504,O=C1C=CCO1,2,2
1321,O=C1CCc2cc(C=CC(=O)N3CC4C=C(Cc5ccccc5)CC4C3)cnc2N1,1,2
571,c1ccc(OCCCCCOc2ccccc2)cc1,1,2
482,O=C(Nc1ccc2c(c1)ncn2CCCCc1ccccc1)c1ccccc1,1,2
421,c1cnc2c(CCC3CCC(NCc4cc5c(cn4)OCCO5)CO3)ccnc2c1,3,2
448,O=C1C=C(c2ccccc2)C(Cc2ccccc2)N1,1,2
941,O=c1cc(NC2CCN(CCCc3ccccc3)CC2)c2ccccc2o1,1,2
919,c1ccc2nc3ccccc3nc2c1,1,2
599,O=c1cc(C=Cc2ccco2)occ1Oc1ccccc1,1,2
309,c1ccc(-c2cccs2)cc1,4,2
550,c1ccc(-c2ccc(OCCCN3CCC(C(c4ccccc4)c4ccccc4)CC3)cc2)cc1,1,2
874,O=C(COc1ccccc1)NNC(=S)NC(=O)c1cc2ccccc2[nH]1,3,2
1099,O=C(CN1CCN(c2ccc3c(=O)ccn(C4CC4)c3c2)CC1)Nc1ccc(S(=O)(=O)Nc2cnccn2)cc1,1,2
683,O=C(CCC1CCCC1)NCC(=O)N1CCC(NCc2ccccc2)CC1,2,2
637,c1cc(-c2ccc3cncnc3c2)ccn1,2,2
625,O=C1NC2CSC(CCCCCc3cn(CCCCn4c(=O)oc5ccccc54)nn3)C2N1,1,2
1007,O=c1sn(-c2cccc3ccccc23)c(=O)n1Cc1ccccc1,8,2
179,O=C(CCc1c[nH]c2ccccc12)NCC(=O)NC(Cc1c[nH]c2ccccc12)C(=O)NCC(=O)NC(Cc1c[nH]c2ccccc12)C(=O)NCC(=O)NCCc1c[nH]c2ccccc12,1,2
288,O=C1c2ccccc2C(=O)c2c(Nc3ccccc3)cccc21,1,2
1278,O=C1CCc2cc(C=CC(=O)N3CCC(Cc4ccccc4)CC3)cnc2N1,1,2
1103,O=C(CCN1CCN(c2ccc3c(=O)ccn(C4CC4)c3c2)CC1)Nc1ccc(S(=O)(=O)Nc2cnc3ccccc3n2)cc1,1,2
295,O=C(NCCn1cc(CCCCCc2c[nH]cn2)nn1)OC1CCCCC1,1,2
1226,S=C(Nc1nc(-c2ccccc2)cs1)NC1CCCCO1,3,2
359,c1cncc(-c2cnc3[nH]ccc3c2-n2cccn2)c1,7,2
340,O=C(NC(=O)C1CCCN1C(=O)CCC1CCCC1)OC1CCCCC1,1,2
1318,O=C1CCc2cc(C=CC(=O)N3CC4CC(n5ccnn5)CC4C3)cnc2N1,1,2
942,O=c1nc(NCCCN2CCN(c3nccc4ccccc34)CC2)c2ccccc2o1,3,2
89,O=C(CCc1ccccc1)NCC(=O)C1CC(=O)NC1=O,9,2
980,O=C(NCC1COC(CNC(=O)c2ccccc2)C1)c1ccccc1,7,2
870,O=C(COc1ccccc1)NNC(=S)NC(=O)Cc1ccco1,1,2
677,c1ccc(Cn2ccc3cc(OCCN4CCNCC4)ccc32)cc1,2,2
747,c1ccc(-n2cccn2)cc1,2,2
549,c1ccc(C(c2ccccc2)C2CCN(CCc3ccc(-c4ccncc4)cc3)CC2)cc1,1,2
1191,O=C1CCOc2cc3c(-c4cccc5cc6c(cc45)OCCC6=O)cccc3cc21,1,2
696,C1CCC(OC2CCCC(OC3CCCCO3)C2)OC1,1,2
291,O=C(NCC(c1cccnc1)N1CCN(c2ccccc2)CC1)c1cccs1,1,2
286,O=C(CN1C(=O)c2ccccc2C1=O)Nc1cc(-c2ccccc2)c(-c2ccccc2)o1,1,2
846,O=C(CCc1ccccc1)NCC(=O)N1CCCC1C(=O)NCC(=O)NCC(=O)NCC(=O)N1CCCC1C(=O)NCC(=O)NCC(=O)NCC(=O)N1CCCC1,1,2
1256,O=C1NC(=O)C(=CC=Cc2ccco2)C(=O)N1,1,2
431,c1cnc2c(OCC3CCC(NCc4cc5c(cn4)OCCO5)CO3)ccnc2c1,1,2
267,O=c1ccn(C2CC2)c2cc(N3CCCC3)ccc12,1,2
328,c1ccc(-c2cc3ccccc3o2)cc1,2,2
349,O=C(NCCc1ccncc1)NC(=O)C1CCCN1C(=O)CCC1CCCC1,1,2
673,O=c1[nH]cnc2scc(-c3cccs3)c12,1,2
60,c1ccc(Cc2cc3n(c2-c2ccccc2)CCN(Cc2cncnc2)C3)cc1,1,2
395,c1coc(C(c2c[nH]c3ccccc23)c2c[nH]c3ccccc23)c1,2,2
1252,c1cc(Oc2cncnc2)cc(C2CC2)c1,1,2
775,O=C(C=Cc1cccnc1)N1CC(OCc2ccncc2)C1,2,2
1299,O=C1CCc2cc(C=CC(=O)N3CC4C=C(c5cccs5)CC4C3)cnc2N1,6,2
1092,O=c1ccn(C2CC2)c2cc(N3CCN(N=Nc4ccc(S(=O)(=O)Nc5ccon5)cc4)CC3)ccc12,1,2
724,O=C1CCSCc2cc3cc(c2)CSCC(NC(=O)CNC(=O)CNC(=O)CN1)C(=O)N1CCCC1C(=O)NCC(=O)NCC(=O)N1CCCC1C(=O)N1CCCC1C(=O)NCCSC3,2,2
334,O=C(NC(=O)C1CCCN1C(=O)CCC1CCCC1)C1CC1,1,2
786,O=C1CCCCN1N=Cc1ccco1,1,2
895,O=c1cc(N2CCN(c3ccccc3)CC2)c2ccccc2[nH]1,7,2
781,O=C1CCc2cc(C=CC(=O)N3CCCCC3c3nc4ccccc4o3)cnc2N1,1,2
701,O=C(C=Cc1ccco1)c1ccc(NC(=O)c2cccs2)cc1,1,2
623,c1cnc2ncnc(-c3ncco3)c2c1,1,2
850,c1ccc(-c2cc(OCCN3CCCCC3)c3cc(OCCCN4CCOCC4)ccc3n2)cc1,1,2
483,O=C(Nc1ccc2c(c1)ncn2CCCCc1c[nH]c2ccccc12)c1ccccc1,1,2
1016,O=c1[nH]sc(=O)n1CCc1ccccc1,1,2
495,c1ccc(-c2cccnc2)cc1,2,2
329,c1ccc(C2CCc3ccc4c(c3O2)C2CC(c3ccccc3)(Oc3ccccc32)O4)cc1,1,2
465,O=C1NC(c2c[nH]c3ccccc23)Nc2ccccc21,1,2
319,c1ccc(-c2cccc(-c3ccc4cncnc4c3)c2)cc1,1,2
1027,c1cncc(-c2cnc3[nH]c4ccccc4c3c2N2CCC3(CC3)C2)c1,1,2
84,c1ccc(Cc2noc(-c3ccsc3)n2)cc1,1,2
130,O=C1c2ccccc2C(=O)N1CCCCOc1ccccc1CNCCc1cccs1,1,2
756,c1ccc(Cn2ccc3cc(OCCCCNCc4ccc(Oc5nnnn5-c5ccccc5)cc4)ccc32)cc1,1,2
487,O=c1ccn2c3c(c(N4CCNCC4)ccc13)OCC2.O=c1ccn2c3c(c(N4CCNCC4)ccc13)OCC2,1,2
172,O=C(Nc1ccccc1)c1ccc(S(=O)(=O)N2CCCC(c3ccccc3)C2)cc1,1,2
574,O=S(=O)(Nc1cccc(-c2ccccc2)c1)c1cccc(S(=O)(=O)Nc2cccc(-c3ccccc3)c2)c1,1,2
261,O=C1C2=C3C4=[N+](CCc5c[nH]c1c54)C1CCC(=O)C3(CCN2)C1,1,2
1173,C1=Cc2nccc3cccc(c23)N1,1,2
825,O=C1CC2OC(CCc3ccccc3)C3=C(C(=O)C=CC3=O)C2O1,2,2
1093,O=c1ccn(C2CC2)c2cc(N3CCN(N=Nc4ccc(S(=O)(=O)Nc5cnc6ccccc6n5)cc4)CC3)ccc12,1,2
678,c1ccc(Cn2ccc3cc(OCCCN4CCCCC4)ccc32)cc1,18,2
333,O=C(NC(=O)C1CCCN1C(=O)CCC1CCCC1)C1CCC1,1,2
356,O=C(C=Cc1ccccc1)NCCCNCCCCNCCCNC(=O)C=Cc1ccccc1,1,2
139,c1ccc(OCCCc2cnc(Nc3ccc4c(c3)CCC4)nc2)nc1,1,2
382,O=C(NCCn1cc(CCCCCc2cn(CCc3ccccc3)cn2)nn1)c1ccccc1,1,2
293,c1ccc2c(c1)oc1cc[nH]c12,1,2
1080,c1cnc2c(CCC3OCC(NCc4cc5c(nn4)OCCS5)CO3)cccc2c1,1,2
635,c1ccc2c(-c3ccc4cncnc4c3)c[nH]c2c1,1,2
142,c1ccc(CCCc2cnc(Nc3ccc4c(c3)CCC4)nc2)cc1,1,2
666,c1ccc(-c2nc3cc(-c4ccc5[nH]c(-c6ccccc6)nc5c4)ccc3[nH]2)cc1,1,2
848,O=C(NNC(=S)NC(=O)c1ccccc1)c1ccoc1,1,2
537,c1ccc(CCCCCN2CCC(C(c3ccccc3)c3ccccc3)CC2)cc1,1,2
140,c1ccc(OCCCc2cnc(Nc3ccc4c(c3)CCC4)nc2)cc1,6,2
1162,O=C(Nc1cc2c(s1)CCCCCC2)NC(C(=O)NC1C(=O)N2CCSC12)c1ccccc1,2,2
1028,c1ccc2c(c1)[nH]c1ncc(-c3cncnc3)c(N3CCC4(CC4)C3)c12,1,2
225,C1CCC(OC2CCCO2)OC1,1,2
486,O=C1Oc2ccccc2Oc2ccccc21,7,2
275,O=C(CN1CCN(C(c2ccccc2)c2ccccc2)CC1)Nc1ccc2c(c1)OCO2,1,2
324,O=C1CC(CCc2ccccc2)O1,1,2
839,c1ccc(-c2cc(OCCN3CCc4ccccc4C3)c3ccccc3n2)cc1,4,2
326,c1ccc2c(c1)c[nH+]c1c3cc4c(cc3ccc21)OCO4,1,2
1009,O=c1[nH]c(=O)n(-c2cnoc2)s1,3,2
1040,O=C1CN(N=Cc2ccco2)C(=O)N1,1,2
808,O=C(OCc1ccc(-c2ccncc2)c2ccncc12)N1CCNCC1,2,2
528,c1ccc(-c2nc3cccnc3[nH]2)cc1,7,2
1231,c1ccc(CNC2CCC(COc3ccnc4cccnc34)CC2)cc1,1,2
819,c1cc(-c2ccncn2)c2ccncc2c1,1,2
590,O=c1cc(COc2ccccc2)n(C2CC2)cc1Oc1ccccc1,6,2
1142,O=c1c(-c2ccccc2)coc2ccccc12,5,2
813,c1cncc(Cc2ccc(-c3ccncc3)c3ccncc23)c1,1,2
1035,O=C(Nc1cccc(-c2cncnc2)c1)c1ccccc1,1,2
1265,c1ccc(CCC2CCN(CCc3ccnc4cccnc34)CC2)cc1,3,2
966,O=c1[nH]c(=O)c2[nH]cnc2[nH]1,1,2
937,O=C1NC2CSC(CCCCc3cn(CCCNc4cccc5nonc45)nn3)C2N1,1,2
580,O=C(C=Cc1ccccc1)c1cccc2c1OC(c1ccccc1)C(CC=Cc1ccccc1)C2,3,2
732,O=C1CCSCc2cc3cc(c2)CSCC(NC(=O)C2CCCN2C(=O)C2CCCN2C(=O)CNC(=O)CNC(=O)CNC(=O)CN1)C(=O)NCC(=O)NCC(=O)NCC(=O)NCC(=O)NCC(=O)NCCSC3,1,2
1232,c1ccc(CNC2CCC(COc3ccnc4cccnc34)OC2)cc1,1,2
721,O=c1[nH]cnc2[nH]c(SCCC3OCCCO3)nc12,1,2
322,O=C(NC1CCN(c2nccs2)CC1)c1ccc[nH]1,14,2
1138,O=C(NCC1COC(CN2C(=O)c3ccccc3C2=O)C1)c1ccccc1,2,2
986,O=C(Nc1ccccc1)C1CCCNN1C(=O)CCC1CCCC1,1,2
1055,O=C1CSc2ccc(C(=O)NC3COC(CCc4ccnc5ccccc45)OC3)nc2N1,1,2
1030,c1ccc2c(c1)[nH]c1ncc(-c3cncnc3)c(N3CCCCC3)c12,1,2
799,C(=Cc1cccc2ccccc12)Cn1cc(CCCCCc2c[nH]cn2)nn1,1,2
40,O=C(NNc1ncccn1)Nc1ccccc1,1,2
31,O=C(CCCOc1ccc(C(=O)c2ccccc2)cc1)NCC(=O)NCC(=O)NC1CSC(=O)CNC(=O)CNC(=O)C(Cc2ccccc2)NC(=O)CNC1=O,2,2
243,O=c1cc(CSc2nc3ccccc3[nH]2)c2ccccc2o1,1,2
713,C(=Cc1cccc2ccccc12)CNCc1cccc2ccoc12,1,2
932,O=C1c2ccccc2C(c2ccc3c(c2)C(=O)c2ccccc2C3C2CCCCO2)c2ccccc21,1,2
137,c1ccc(Nc2ncccn2)cc1,3,2
311,c1ccc(-c2ccc3ccccc3n2)cc1,20,2
1107,c1ccc(CCc2ccc(-c3cc4ccccc4o3)cc2)cc1,1,2
945,O=c1cc(NCCN2CCN(c3nccc4ccccc34)CC2)c2ccccc2o1,1,2
1257,O=C1NC(=O)C(=CC=Cc2cccnc2)C(=O)N1,1,2
1172,N=C(Cc1ccccc1)C(=O)NCCSSCCNC(=O)C(=N)Cc1ccccc1,1,2
1316,O=C1CCc2cc(C=CC(=O)N3CC4CN(S(=O)(=O)c5ccccc5)CC4C3)cnc2N1,1,2
880,O=C(Cn1cnc(CC2CC2)c1-c1ccccc1)Nc1ccccc1,1,2
4,O=C(C=Cc1cccnc1)NCc1cc2ccccc2[nH]1,5,2
112,O=C1N(c2ccccc2)N(c2ccccc2)C(=O)C1(CCOCc1ccccc1)CCOCc1ccccc1,1,2
815,c1ccc(Nc2ccc(-c3ccncc3)c3ccncc23)cc1,1,2
1144,O=c1ccn(C2OC3(C(C#Cc4ccccc4)OC4CCCO4)COC2C3)c(=O)[nH]1,1,2
902,O=C1COc2ccc(CNC3COC(CCc4ccnc5ccccc45)OC3)cc2N1,1,2
1006,O=c1[nH]c(=O)n(-c2cccc3ccccc23)s1,3,2
844,O=C(CCc1ccccc1)NCC(=O)NCC(=O)NCC(=O)NCC(=O)N1CCCC1,1,2
910,c1cnc2sc3cncnc3c2c1,1,2
377,c1ccc(-c2cccc(-c3cc4ccccc4c[nH+]3)c2)cc1,1,2
595,O=c1cc(C=Cc2ccccc2)occ1Oc1ccccc1,5,2
454,c1ccc2c(c1)nc(C1CCOC1)n2-c1ccc2cncnc2c1,1,2
766,O=C1CCc2cc(C=CC(=O)N3CCC(Oc4ccccc4)C3)cnc2N1,1,2
315,c1ccc(-c2ccc3cncnc3c2)cc1,27,2
440,c1cc(-c2nc[nH]n2)nc(C2CCC2)c1,1,2
443,c1cnc(-c2n[nH]c3cnccc23)nc1,1,2
1075,c1ccc(CNC2COC(CCc3ccnc4cccnc34)OC2)cc1,3,2
320,O=S(=O)(OC(CNCc1ccccc1)c1ccccc1)c1ccccc1,8,2
1251,c1cc(Oc2cncnc2)cc(-c2ccc3c(c2)OCO3)c1,1,2
899,c1ccc2c(CCC3OCC(NCc4cc5c(cn4)OCCC5)CO3)ccnc2c1,1,2
6,O=C1C(=Cc2ccccn2)C2N1CCS2(=O)=O,1,2
101,c1ccc(SCc2ccno2)cc1,15,2
425,O=C1CSc2ccc(CNC3CCC(CCc4ccnc5cccnc45)OC3)nc2N1,6,2
1276,O=C1CCc2cc(C=CC(=O)N3CC=C(c4ccco4)CC3)cnc2N1,1,2
622,c1cnc2ncnc(-c3ncn[nH]3)c2c1,1,2
600,O=c1cc(COc2ccccc2)occ1Oc1ccccc1,6,2
707,O=C(NCCN1CCOCC1)c1ccc(-c2ncc(-c3n[nH]c4[nH]c(=O)ccc34)s2)cn1,1,2
424,O=C1CSc2ccc(CNC3CCC(CCc4ccnc5ccccc45)OC3)nc2N1,3,2
994,O=C(Nc1cccnn1)C1CCCNN1C(=O)CCC1CCCC1,1,2
627,C(#Cc1cncnc1)Cc1cccc(-c2cccnc2)c1,1,2
1215,C=C1CCC(OC2CC(CNC(=O)c3ccc[nH]3)CCO2)C2CCCC(C=C3C(=O)CN(C4CCCCO4)C3=O)C12,2,2
1297,O=C1CCc2cc(C=CC(=O)N3CC4C=C(c5ccccc5)CC4C3)cnc2N1,6,2
478,O=C(Nc1ccc2c(c1)ncn2CCc1ccccn1)c1ccccc1,1,2
228,C=C1CCC(CC2C(=C)CCC3CCCCC32)CC1,2,2
562,c1cc2cc(-c3ccc(-c4cc5ccc(C6=NCCCN6)cc5[nH]4)cc3)[nH]c2cc1C1=NCCCN1,1,2
1160,O=C1NC(=O)C2(Cc3cc4c(N5CCCC5)noc4cc3N3CCNCC32)C(=O)N1,1,2
779,O=C1CCc2cc(C=CC(=O)N3CCCC(COc4ccccc4)C3)cnc2N1,1,2
544,O=C(CCCN1CCC(C(c2ccccc2)c2ccccc2)CC1)c1ccccc1,1,2
67,c1ccc(C2CN(Cc3cncnc3)Cc3ccccc32)cc1,2,2
1119,C(=Cc1ccnc2ccccc12)CN1CCN(CCSc2cccs2)CC1,2,2
68,c1ccc2c(c1)cc1n2CCN(Cc2cncnc2)C1,1,2
1322,O=C1CCc2cc(C=CC(=O)N3CC4C=C(c5nncs5)CC4C3)cnc2N1,1,2
212,C(=Cc1ccc2[nH]cnc2c1)c1ccccc1,1,2
13,O=c1cc(NCCCNCc2ccccc2)[nH]c2ccccc12,1,2
621,c1cnc2ncnc(-c3cnn[nH]3)c2c1,1,2
967,O=C(Nc1nnc(SCc2ccccc2)s1)c1ccncc1,1,2
300,O=C(Cc1ccccc1)NC1C(=O)N2CCSC12,2,2
794,O=C(NC1CCCCC1)C1CNCC(=O)N1N=Cc1ccco1,1,2
904,N=C1NCCC(CC(=O)NCC(=O)NCCCNCC(OC2CCCO2)C2CCC(n3ccc(=O)[nH]c3=O)O2)N1,3,2
927,O=C(C=NNc1ccccc1)c1ccon1,3,2
1192,O=C(NC1Cc2c[nH]c3c(cccc23)-c2cc3cc(c2)C(NC(=O)C(c2ccccc2)NC1=O)C(=O)NC(c1ccccc1)C(=O)NC(C(=O)NCc1ccccc1)Cc1ccc(cc1)O3)C(=O)c1ccccc1,1,2
814,c1cncc(Oc2ccc(-c3ccncc3)c3ccncc23)c1,1,2
1014,O=c1sn(C2CCCC2)c(=O)n1C1CCCCC1,1,2
1212,O=C(C=Cc1ccccc1)OC1COC(Oc2c(-c3ccccc3)oc3ccccc3c2=O)C(OC(=O)C=Cc2ccccc2)C1,1,2
1258,O=C1NC(=O)C(=CC=Cc2cncnc2)C(=O)N1,1,2
1237,O=C1CC(c2nc3ccccc3[nH]2)CN1c1cccc2ccccc12,1,2
1193,O=C(NC1CC2C(=O)Nc3cc(ccc32)-c2cc3cc(c2)C(NC(=O)C(c2ccccc2)NC1=O)C(=O)NC(c1ccccc1)C(=O)NC(C(=O)NCc1ccccc1)Cc1ccc(cc1)O3)C(=O)c1ccccc1,1,2
645,c1cncc(-c2cnc3ccn(C4CCNCC4)c3c2)c1,1,2
1125,O=c1ccc2nccc3c2n1CC3CC1OCC(NCc2ccc3c(c2)OCCO3)CO1,1,2
1287,O=C1CCc2cc(C=CC(=O)N3CCC(CCOc4ccccc4)CC3)cnc2N1,2,2
1317,O=C1CCc2cc(C=CC(=O)N3CC4CC(n5cncn5)CC4C3)cnc2N1,1,2
371,O=C(CNC(=O)CNC(=O)OCc1ccccc1)NCP(=O)(Oc1ccccc1)Oc1ccccc1,3,2
1001,O=C1C=C(c2ccccc2)C(=O)C1(c1ccccc1)c1ccccc1,3,2
1147,O=C1OC23C=C1C(=O)C1C(C=CCCC=CC2C=CCC3)C=CC2C(OC3CCC(NC(=O)c4ccccc4)CO3)CCCC21,2,2
793,O=C(NC1CCCCC1)C1CN(S(=O)(=O)c2ccccc2)CC(=O)N1N=Cc1ccco1,1,2
274,O=c1[nH]c2c(S(=O)(=O)c3ccccc3)nnn2c2ccsc12,1,2
843,O=C(CCc1ccccc1)NCC(=O)NC1CNC(C(=O)NCC(=O)NCC(=O)NCC(=O)NC2CNC(C(=O)NCC(=O)NC3CNC(C(=O)NCC(=O)NC4CCNC4)C3)C2)C1,2,2
1004,O=c1[nH]c(=O)n(Cc2ccccc2)s1,3,2
655,O=C(C=Cc1ccccc1)NC1COC(=O)CNC(=O)CNC(=O)CNC(=O)C(Cc2ccccc2)NC(=O)CNC(=O)C(=Cc2ccccc2)NC1=O,1,2
363,O=C1C=C(c2ccccc2)C(=Cc2ccccc2)O1,2,2
3,O=C(Cc1ccccc1)OCC1CN2C(=O)C(=Cc3ccccn3)C2S1(=O)=O,2,2
7,C=C1C(=O)N2CC(COC(=O)Cc3ccccc3)S(=O)(=O)C12,2,2
312,c1ccc(-c2cc(OCCN3CCCCC3)c3ccccc3n2)cc1,10,2
744,O=C(NCC1C(CNC(=O)c2ccc[nH]2)C(c2cnc[nH]2)C1c1cnc[nH]1)c1ccc[nH]1,2,2
1308,O=C1CCc2cc(C=CC(=O)N3CC4CN(c5nccs5)CC4C3)cnc2N1,1,2
216,O=C(c1ccccc1)C1C(c2ccc(-c3cc4ccccc4o3)cc2)C=CCC1c1ccccc1,2,2
662,c1ccc(-c2ncc(-c3n[nH]c4ccccc34)s2)cc1,2,2
28,c1ccc(CNc2ccccc2CNc2ccc3ccccc3n2)cc1,1,2
915,O=C1NC(=O)C2(Cc3cc4c(N5CCSC5=O)noc4cc3N3CCOCC32)C(=O)N1,5,2
533,O=C(Nc1ccccc1)c1ccco1,2,2
597,O=c1cc(C=Cc2cccs2)occ1Oc1ccccc1,1,2
1024,O=C(Nc1nc2ccccc2[nH]1)c1ccc[nH]1,1,2
669,O=c1cc(-c2ccccc2)c2c(-c3cnc(-c4cccnc4)s3)n[nH]c2[nH]1,1,2
257,O=C1C=CC23CC(NC4=C2C2=NCCc5c[nH]c(c52)C4=O)SC3C1,1,2
26,O=C1CC2N1CCS2(=O)=O,2,2
337,O=C(NC(=O)C1CCCN1C(=O)CCC1CCCC1)c1ccccc1,1,2
48,O=C1C(=Cc2ccccn2)C2N1C=C(C=Cc1ccccn1)CS2(=O)=O,1,2
107,O=C1C(CCCCCc2ccccc2)C(=O)N(c2ccccc2)N1c1ccccc1,1,3
983,O=C(NCC1COC(CN2Cc3ccccc3C2=O)C1)c1ccccc1,1,3
56,O=C(c1ccccc1)N1CCc2c(n(Cc3ccccc3)c3ccccc23)C1,22,3
1088,O=C1COc2cnc(CNC3COC(CCc4ccnc5cccnc45)OC3)cc2N1,1,3
214,C1=C2CC(OC3CCCCO3)CCC2C2CCC3CCCC3C2C1,1,3
121,c1ccc(CNCCc2cccs2)cc1,18,3
1291,O=C1CCc2cc(C=CC(=O)N3CCC(CC4CCCS4)CC3)cnc2N1,1,3
583,O=C(CCNC(=O)c1nc[nH]n1)NCCc1ccccc1,1,3
73,O=C(Nc1ccccc1)Nc1cc(-c2ccncc2)nn1-c1ccccc1,1,3
619,c1cnc2nc(C3CCCC3)ncc2c1,1,3
46,O=C(Cc1ccccc1)OCC1=CN2C(=O)C(=Cc3ccccn3)C2S(=O)(=O)C1,1,3
963,c1ccc(CSc2nncs2)cc1,1,3
524,O=C(NC1CCN(c2nccs2)CC12OCCO2)c1ccc[nH]1,1,3
1320,O=C1CCc2cc(C=CC(=O)N3CC4C=CCC4C3)cnc2N1,6,3
681,c1ccc(Cn2ccc3cc(OCCCN4CCCCCC4)ccc32)cc1,2,3
629,O=C1NC2CSC(CCCCCO[PH](=O)OCC3CCC(n4cnc5cncnc54)O3)C2N1,1,3
534,C(=Cc1nc2ccccc2[nH]1)c1ccccc1,1,3
466,c1csc(Cn2cc(-c3ccncn3)c3ccccc32)c1,1,3
1240,O=C(NCCn1cc(CCCCCc2[nH]cnc2-c2cnc3ccccc3c2)nn1)c1ccccc1,1,3
1134,O=C1COc2ccc(CNC3COC(CC4Cn5c(=O)ccc6cccc4c65)OC3)nc2N1,1,3
616,c1c[nH]c(-c2ncnc3ncccc23)c1,2,3
61,c1ncc(CN2CCc3ccc4c(c3C2)OCO4)cn1,3,3
93,O=C(C=Cc1ccccn1)NC(CC(=O)NCC(=O)C1CC(=O)NC1=O)c1ccccc1,1,3
555,O=c1[nH]cnc2[nH]c(SCCc3ccccc3)nc12,1,3
195,C(=Cc1cccs1)c1nc2ccccc2[nH]1,1,3
281,c1ccc(NC(c2ccccc2)c2ccccc2)cc1,1,3
360,O=C(NC1CC1)c1cc2c(-n3cccn3)c(-c3cccnc3)cnc2[nH]1,1,3
520,O=C1CNCc2cc(C=CC(=O)N3CC(c4cc5ccccc5o4)C3)cnc2N1,2,3
644,c1cncc(-c2cnc3ccn(C4CCCCC4)c3c2)c1,1,3
753,O=C(C=NNc1ccccc1)c1ccn[nH]1,7,3
183,c1nc(NC2CCCCCCC2)nc(NC23CC4CC(CC(C4)C2)C3)n1,1,3
111,O=C1C(CCOCc2ccccc2)C(=O)N(c2ccccc2)N1c1ccccc1,1,3
1051,O=C(NC1COC(CCc2ccnc3ccccc23)OC1)c1ccc2c(c1)OCCO2,1,3
725,O=C1CNC(=O)CNC(=O)CNC(=O)C2CSCc3cc(cc(c3)CSCCC(=O)N3CCCC3C(=O)NCC(=O)NCC(=O)N3CCCC3C(=O)N3CCCC3C(=O)N2)CSCCN1,3,3
205,c1ccc(-c2cc(-c3cccnc3)cc3nc[nH]c23)nc1,2,3
650,O=c1cc(-c2cnc3ccn(-c4ncccn4)c3c2)cc[nH]1,6,3
992,O=C(Nc1nccs1)C1CCCNN1C(=O)CCC1CCCC1,1,3
546,O=C(CN1CCC(C(c2ccccc2)c2ccccc2)CC1)c1ccccc1,1,3
934,N=C(C(=O)NC1C(=O)N2C=CCSC12)c1cscn1,1,3
708,O=c1ccc2c(-c3cncs3)n[nH]c2[nH]1,1,3
674,O=C1Nc2ccccc2C1=Cc1cccnc1,1,3
598,O=c1cc(C=Cc2ccsc2)occ1Oc1ccccc1,1,3
184,c1ccc(C2CCNCC2COc2ccc3c(c2)OCO3)cc1,1,3
138,c1ccc(Cc2cnc(Nc3ccccc3)nc2)cc1,2,3
772,O=C(C=Cc1cnc2c(c1)CCC=N2)N1CCCCC1c1nc2ccccc2o1,1,3
81,C1CCC(OC2CCCNCC2)OC1,6,3
1078,c1ccc2c(CCC3OCC(NCc4cc5c(nn4)OCCO5)CO3)ccnc2c1,1,3
1175,c1ccc(C2=C(OC3CCCCO3)Cc3ccccc3O2)cc1,1,3
542,c1ccc(CN2CCC(C(c3ccccc3)c3ccccc3)CC2)cc1,1,3
1104,O=C(CCN1CCN(c2ccc3c(=O)ccn(C4CC4)c3c2)CC1)Nc1ccc(S(=O)(=O)Nc2cnccn2)cc1,1,3
481,O=C(Nc1ccc2c(c1)ncn2CCCc1ccccc1)c1ccccc1,1,3
166,O=c1[nH]sc2c1c(=O)c1ccc(-c3cccc(C4CCCCN4)c3)cc1n2C1CC1,1,3
249,O=C(C=Cc1cnc2c(c1)CN(CCN1CCOCC1)C(=O)N2)NCc1cc2ccccc2s1,1,3
308,O=c1[nH]sc2c1c(=O)c1ccc(N3CCCC3)cc1n2C1CC1,4,3
979,O=C1SCC=C1CCCCc1ccccc1,1,3
592,O=c1cc(COc2ccccc2)n(Cc2ccccc2)cc1Oc1ccccc1,3,3
335,O=C(NC(=O)C1CCCN1C(=O)CCC1CCCC1)C1CCCC1,1,3
98,c1ccccc1,38,3
603,c1ccc(-c2ncc3cccnc3n2)cc1,1,3
1300,O=C1CCc2cc(C=CC(=O)N3CC4CN(c5cccs5)CC4C3)cnc2N1,1,3
988,O=C(Nc1cnccn1)C1CCCNN1C(=O)CCC1CCCC1,2,3
1050,C(=Cc1ccccc1)Cn1cc(CCCCCc2nc[nH]c2-c2ccc(-c3ccccc3)cc2)nn1,1,3
868,O=C(COc1ccccc1)NNC(=S)NC(=O)c1ccco1,3,3
1304,O=C1CCc2cc(C=CC(=O)N3CC4C=C(c5ccn[nH]5)CC4C3)cnc2N1,1,3
694,O=c1oc2ccccc2s1,1,3
1201,O=C1OCc2c1ccc1c2OC2(CCCC3CCCCC32)C1,1,3
303,O=C(C=Cc1cccc(Cc2cncnc2)c1)N1Cc2ccccc2C=N1,2,3
1089,O=C1CSc2cnc(CNC3COC(CCc4ccnc5cccnc45)OC3)cc2N1,1,3
389,c1ccc2c(CCn3cccc3)c[nH]c2c1,1,3
236,c1cc(-c2cscn2)c[nH]1,1,3
997,C(#Cc1cncnc1)Cc1cc2c(c(-c3ccncc3)c1)OCO2,2,3
873,O=C(COc1ccccc1)NNC(=S)NC(=O)c1cc2ccccc2s1,1,3
306,O=c1cccc(C2c3c(cc(C=Cc4ccccc4-c4ccc(C=Cc5ccccc5)oc4=O)oc3=O)OC2c2ccccc2)o1,1,3
946,O=c1cc(NC2CC(N3CCN(c4nccc5ccccc45)CC3)C2)c2ccccc2o1,2,3
1286,O=C1CCc2cc(C=CC(=O)N3CCC(Oc4ccccc4)CC3)cnc2N1,1,3
250,O=C(C=Cc1cnc2c(c1)CC1(CCNCC1)C(=O)N2)NCc1cc2ccccc2o1,2,3
1220,O=c1ccn(C2CCC(C(C#Cc3ccc(-c4ccccc4)cc3)OC3CCCO3)O2)c(=O)[nH]1,1,3
917,O=C(CCC1CCCCC1)NC(Cc1ccccc1)C(=O)NC1COC(=O)C2CCCN2C(=O)CNC(=O)C2CCCCN2C(=O)C2CCCN2C1=O,1,3
72,O=C(Nc1ccccc1)Nc1nc(-c2ccccc2)cs1,7,3
95,O=C1CCSC(=O)CNC(=O)CNC(=O)C(Cc2ccccc2)NC(=O)CN1,2,3
667,c1ccc(-c2nc3ccc(-c4ccc5nc(-c6ccccc6)[nH]c5c4)cc3[nH]2)cc1,2,3
34,O=C1C(=Cc2ccccn2)C2N1C=CCS2(=O)=O,14,3
943,O=c1cc(NCCCN2CCN(c3nccc4ncccc34)CC2)c2ccccc2o1,2,3
449,c1ccc(-c2nc3ccccc3n2-c2ccc3cncnc3c2)nc1,2,3
446,c1cc2sc(-c3ccn[nH]3)cc2cn1,1,3
1012,O=c1sn(-c2cccc3c2OCO3)c(=O)n1Cc1ccccc1,1,3
728,O=C1CCSCc2cc3cc(c2)CSCC(NC(=O)C2CCCN2C(=O)C2CCCN2C(=O)CNC(=O)CNC(=O)CN1)C(=O)NCC(=O)N1CCCC1C(=O)N1CCCC1C(=O)NCC(=O)NCCSC3,2,3
833,C(C=Cc1ccccc1)=CCNCc1ccc2c(c1)OCO2,1,3
78,O=C(Nc1ccccc1)Nc1nc(CCc2ccccc2)cs1,1,3
85,c1ccc(Cn2cnc(-c3ccccc3)c2)cc1,3,3
876,O=C(C=Cc1cc2ccccc2o1)NC(=S)NNC(=O)COc1ccccc1,1,3
83,c1ccc(-c2ccc(Cn3cnc(-c4ccsc4)c3)cc2)cc1,1,3
458,c1ccc2c(c1)nc(-c1ccncc1)n2-c1ccc2cncnc2c1,1,3
784,O=C(NCc1ccccc1)C1CCC(=O)N1N=Cc1ccco1,1,3
906,O=C(Nc1ccc(Cc2ccccc2)cc1)c1ccccc1,1,3
437,O=C(Nc1ccnc2cccnc12)C1CCC(NCc2cc3c(cn2)OCCO3)CO1,1,3
717,C(=Cc1ccccc1)CNCc1cccc2ccccc12,1,3
1062,O=C(Nc1nc2c(OCc3ccccc3)cc(-c3nnn[nH]3)cc2s1)c1ccc[nH]1,1,3
405,c1ccc(-c2cc(OCCN3CCC4(CC3)OCCO4)c3ccccc3n2)cc1,1,3
1157,C(=Cc1cc(N2CCCCC2)[nH+]c2ccccc12)c1ccccc1,1,3
740,O=C(Nc1nc2ccccc2s1)c1ccc[nH]1,26,3
789,O=C(NCc1ccccc1)C1CSCC(=O)N1N=Cc1ccco1,1,3
105,c1ccc([SH+]Cc2ccno2)cc1,1,3
610,c1ccc(-c2ncnc3ncccc23)nc1,1,3
1042,O=c1oc2ccccc2cc1-c1csc(NN=Cc2ccc(OCc3cn(-c4ccccc4)nn3)cc2)n1,3,3
738,O=C1CNC(=O)C(Cc2c[nH]cn2)NC(=O)CCSCc2cc3cc(c2)CSCC(NC(=O)CN1)C(=O)N1CCCC1C(=O)NCC(=O)NCC(=O)N1CCCC1C(=O)N1CCCC1C(=O)NCCSC3,1,3
63,O=C(NCc1cc2ccccc2[nH]1)c1ccccc1,2,3
282,O=C(Nc1ccc2c(c1)OCCO2)C(c1ccccc1)N1CCCCC1,1,3
1309,O=C1CCc2cc(C=CC(=O)N3CC4C=C(c5cnoc5)CC4C3)cnc2N1,1,3
239,O=C(CSc1nnc(-c2ccccc2)c(-c2ccccc2)n1)Nc1ccc(S(=O)(=O)Nc2ccno2)cc1,1,3
224,c1ccc(Oc2ccc(Oc3ccccc3)cc2)cc1,1,3
146,O=c1[nH]sc2c1c(=O)c1ccc(-c3cccc4cnccc34)cc1n2C1CC1,1,3
1238,O=C1CC(c2nc3ccccc3[nH]2)CN1c1cccc2[nH]ccc12,1,3
374,c1ccc(Oc2cccnc2)cc1,3,3
119,c1ccc(CCNCc2ccccc2)cc1,10,3
989,O=C(Nc1cncc(N2CCNCC2)n1)C1CCCNN1C(=O)CCC1CCCC1,1,3
251,O=C(C=Cc1cnc2c(c1)CC1(CCNCC1)C(=O)N2)NCc1cc2ccccc2[nH]1,1,3
1277,O=C1CCc2cc(C=CC(=O)N3CC=C(c4ccoc4)CC3)cnc2N1,1,3
10,O=C(C=Cc1cnc2c(c1)CCCN2)NCc1cc2ccccc2[nH]1,1,3
450,c1coc(-c2nc3ccccc3n2-c2ccc3cncnc3c2)c1,1,3
256,C1=C(c2ccccc2)OCc2cc3ccccc3nc21,2,3
594,O=c1cc(C=Cc2ccoc2)occ1Oc1ccccc1,5,3
390,c1ccn(Cc2ccc3c(c2)OCO3)c1,1,3
1152,O=C(CCC1C(=O)C=CC23CC4CC(OC4C2)C13)Nc1ccccc1,1,3
1066,O=C(Nc1ccccc1)C1Oc2c(c(=O)oc3ccccc23)C1c1ccc(CCCN2CCCC2=O)cc1,1,3
558,O=C(CCn1sc2ccccc2c1=O)NC12CC3CC(CC(C3)C1)C2,10,3
461,c1ccc2c(c1)nc(-c1cnc[nH]1)n2-c1ccc2cncnc2c1,1,3
1222,O=C(Nc1ccc(C#CC(OC2CCCO2)C2CCC(n3ccc(=O)[nH]c3=O)O2)cc1)c1ccccc1,1,3
145,c1ccc(CCCc2cnc(Nc3ccccc3)nc2)cc1,1,3
502,O=c1[nH]c(-c2cncc(-c3cnccc3-c3nccs3)c2)no1,1,3
1225,O=c1ccn(C2CCC(C(C#Cc3ccc(NS(=O)(=O)c4ccccc4)cc3)OC3CCCO3)O2)c(=O)[nH]1,1,3
540,c1ccc(CCCCN2CCC(C(c3ccccc3)c3ccccc3)CC2)cc1,1,3
178,O=C(CCc1c[nH]c2ccccc12)NCC(=O)NC(Cc1c[nH]c2ccccc12)C(=O)NCC(=O)NC(Cc1c[nH]c2ccccc12)C(=O)NCC(=O)NC(Cc1c[nH]c2ccccc12)C(=O)NCC(=O)NCCc1c[nH]c2ccccc12,1,3
1279,O=C1CCc2cc(C=CC(=O)N3CC=C(Cc4ccccc4)CC3)cnc2N1,1,3
746,O=C(Nc1ccccc1)c1ccnn1-c1ccccc1,1,3
1182,O=c1ccc2ccccc2o1,1,3
712,C(=Cc1ccc2ccccc2c1)CNCc1cccc2ccoc12,1,3
1319,O=C1CCc2cc(C=CC(=O)N3CC4CC(n5nccn5)CC4C3)cnc2N1,1,3
8,c1ccc(Oc2ccccc2)cc1,54,3
680,c1ccc(Cn2ccc3cc(OCCCN4CCNCC4)ccc32)cc1,2,3
668,O=c1ccc2c(-c3cnc(-c4cccnc4)s3)n[nH]c2[nH]1,15,3
1034,O=C(Nc1ccc(-c2ccncn2)cc1)c1ccccc1,1,3
358,C1C2CC3CC1CC(C2)C3,3,3
330,C1CCNC1,2,3
863,O=C(Cc1ccccc1)N1CCC(c2ccc3c(c2)OCO3)C1,5,3
1195,O=C(Oc1ccccc1)c1ccc(OC2CCCCO2)cc1,1,3
1263,O=C1NC(=O)C(=CC=Cc2ccc(OC(=O)CNC(=O)OCc3ccccc3)cc2)C(=O)N1,4,3
259,O=C1C2=C(C3=NCCc4c[nH]c1c43)C1(C=CCC=C1)CCN2,1,3
1047,O=c1c2ncoc2c2ccc(N3CCCC3)cc2n1C1CC1,1,3
373,c1cnc2ncncc2n1,1,3
964,O=c1cccnn1-c1ccccc1,2,3
893,c1ccc(-c2cnc(NCCCCCNc3ncc(-c4ccccc4)[nH]3)[nH]2)cc1,2,3
1069,c1ccc(CNC2CCN(CCc3ccnc4cccnc34)CC2)nc1,1,3
526,O=C(Nc1cccnc1)c1cnccc1Nc1ccccc1,2,3
1002,O=C1Nc2ccccc2C1=NNC(=O)c1ccccc1,2,3
900,O=C1CSc2ccc(CNC3COC(CCc4ccnc5ccccc45)OC3)nc2N1,2,3
922,c1ccc2c(c1)NC1CNCC21Cc1c[nH]nn1,1,3
1261,O=C1NC(=O)C(=CC=Cc2ccc(OCc3ccsc3)cc2)C(=O)N1,1,3
441,c1cnc(-c2nc[nH]n2)cn1,1,3
532,c1ccc(OCCCn2cnc3ccccc32)cc1,1,3
896,O=c1cc(N2CCNCC2)c2ccccc2[nH]1,2,3
227,O=C1C2=CC=CC3COC4(Oc5c(ccc6c5C(=O)c5ccccc5C6=O)C234)c2ccccc21,1,3
1325,O=C1CCc2cc(C#CC(=O)N3CC4C=C(c5ccccc5)CC4C3)cnc2N1,1,3
229,C1=CCCC2C=C(c3nccc4c3[nH]c3ccccc34)C3CCN(CCCC1)CC31CC3C=CCCCCN3C21,1,3
1151,O=C1OC23C=C1C(=O)C1C(C=CCCC=CC2C=CCC3)C=CC2CCCCC21,4,3
213,O=c1cc(-c2ccccc2)oc2ccccc12,5,3
80,O=C(Nc1ccccc1)Nc1cc(-c2cccs2)nn1-c1ccccc1,1,3
149,O=c1[nH]sc2c1c(=O)c1ccc(-c3ccc4ncccc4c3)cc1n2C1CC1,1,3
723,O=C1CNC(=O)CC(=O)NCCSCc2cc3cc(c2)CSCC(NC(=O)C2CCCN2C(=O)C2CCCN2C(=O)CNC(=O)CNC(=O)C2CCCN2C(=O)CCSC3)C(=O)NCN1,1,3
672,c1ccc(-c2ccncn2)cc1,1,3
1208,O=c1occc2c1C(c1ccccc1)c1c(Nc3ccccc3)ncnc1O2,1,3
866,O=C(Cc1ccccc1)N1CCC(c2ccccc2)C1,9,3
719,O=C(CSc1nc2c(=O)[nH]cnc2[nH]1)c1ccccc1,1,3
134,O=c1[nH]sc2cc3cc(N4CCCC4)ccn3c(=O)c12,1,3
1071,c1cnc2c(CCC3OCC(NCc4ccc5c(c4)OCCO5)CO3)ccnc2c1,2,3
409,c1ccc(-c2cc(OC3CN4CCC3CC4)c3ccccc3n2)cc1,1,3
978,O=C1C=CCS1,3,3
508,O=C1CCc2cc(C=CC(=O)N3CC(OCc4ccccc4)C3)cnc2N1,1,3
1053,O=C1COc2ccc(C(=O)NC3COC(CCc4ccnc5ccccc45)OC3)nc2N1,1,3
505,O=C1COc2ccc(CNC34CCC(CCc5ccnc6cccnc56)(CC3)OC4)nc2N1,2,3
824,C1=CCCC23CN4CCCCC=CCCC(C=C(c5[nH+]ccc6c5[nH]c5ccccc56)C2CC4)C3NCCCC1,1,3
348,O=C(NCCCc1ccccc1)NC(=O)C1CCCN1C(=O)CCC1CCCC1,1,3
387,O=C(NCCn1cc(CCCCCc2cn(C3CCCCC3)cn2)nn1)c1ccccc1,1,3
1,O=C(C=Cc1cnc2c(c1)CCC(=O)N2)NCc1c[nH]c2ccccc12,4,3
361,O=c1[nH]nc(-c2cncc(-c3cnc4[nH]ccc4c3-n3cccn3)c2)o1,2,3
1254,O=C(NCCCCC1CN=C(c2ccccc2)N1)c1ccccc1,1,3
476,O=C(Nc1ccc2c(c1)ncn2CCc1ccccc1)c1ccccc1,4,3
1166,O=C(NC1CCCCNC1=O)C1=CCCC(OCC2CCC(n3ccc(=O)[nH]c3=O)O2)O1,6,3
953,O=C(NCCCN1CCN(c2nccc3ccccc23)CC1)c1ccccc1,1,3
947,O=C(CCN1CCN(c2nccc3ccccc23)CC1)Nc1cc(=O)oc2ccccc12,1,3
924,O=C(NCCn1cc(CCCCc2[nH]cnc2-c2ccoc2)nn1)c1ccccc1,1,3
757,c1ccc(CNCCCOc2ccc3c(ccn3Cc3ccccc3)c2)cc1,1,3
173,O=C(Nc1ccccc1)c1ccc(S(=O)(=O)N2CCc3ccccc32)cc1,3,3
451,c1csc(-c2nc3ccccc3n2-c2ccc3cncnc3c2)c1,2,3
126,c1ccc(COc2ccccc2CNCCc2cccs2)nc1,1,3
821,c1cc(-c2cncnc2)c2ccncc2c1,1,3
531,c1ccc(OCC[n+]2ccccc2)cc1,1,3
714,C(#Cc1ccccc1)CNCc1cccc2ccoc12,1,3
91,O=C(C=Cc1ccccc1)NC(CC(=O)NCC(=O)C1CC(=O)NC1=O)c1ccccc1,3,3
1282,O=C1CCc2cc(C=CC(=O)N3CC=C(c4cccnc4)CC3)cnc2N1,2,3
182,c1ccc(CCNc2ncnc(NC34CC5CC(CC(C5)C3)C4)n2)cc1,1,3
803,O=C(Nc1ccccc1)c1cnc(Nc2cc(N3CCNCC3)ncn2)s1,1,3
415,O=C(NCCCOc1ccccc1)C1=NOC2(C=CCC=CO2)C1,1,3
252,O=C(C=Cc1cnc2c(c1)CC1(CCNCC1)C(=O)N2)NCc1cc2ccccc2s1,3,3
70,O=C(CCc1cccnc1)NCc1cc2ccccc2[nH]1,1,3
132,O=c1[nH]sc2cc3cc(-c4ccncc4)ccn3c(=O)c12,2,3
301,O=C(C=Cc1cccc(Cc2cncnc2)c1)N1N=Cc2ccccc2C1c1cncnc1,6,3
1068,c1cncc(CNC2CCN(CCc3ccnc4cccnc34)CC2)c1,1,3
327,c1cc2c(c[nH+]c3c4cc5c(cc4ccc23)OCO5)c2c1OCO2,1,3
1296,O=C1CCc2cc(C=CC(=O)N3CCC(Cn4cccc4-c4ccccc4)CC3)cnc2N1,1,3
970,c1ccc(CSc2nnc(N3CCNCC3)s2)cc1,1,3
500,c1cc(-c2nccs2)c(-c2cncc(-c3ncno3)c2)cn1,1,3
810,O=C(NCc1ccc(-c2ccncc2)c2ccncc12)OC1CCNCC1,1,3
365,O=C(C=Cc1ccccc1)c1ccccc1,11,3
496,c1cncc(-c2nc3ccccc3s2)c1,2,3
1235,O=C(NC1CCC(COc2ccnc3cccnc23)OC1)c1ccccc1,3,3
339,O=C(NC(=O)C1CCCN1C(=O)CCC1CCCC1)OC1CCCC1,1,3
422,c1cc(CCC2CCC(NCc3cc4c(cn3)OCCS4)CO2)c2nccnc2c1,1,3
165,O=c1[nH]sc2c1c(=O)c1ccc(-c3ccc(C4CCCCN4)cc3)cc1n2C1CC1,1,3
29,c1ccc(CNC2CCC(Nc3ccc4ccccc4n3)CC2)cc1,1,3
517,O=C(C=Cc1cccnc1)N1CC(c2cc3ccccc3o2)C1,1,3
194,O=C1C=CC2(C=C1)Oc1cccc(OC(=O)c3ccccc3Oc3ccccc3)c1C2=O,1,3
773,O=C1CCc2cc(C=CC(=O)N3CC(OCc4nccs4)C3)cnc2N1,1,3
1272,O=C1CCc2cc(C=CC(=O)N3CC=C(c4ccccc4)CC3)cnc2N1,7,3
170,O=c1[nH]sc2c1c(=O)c1ccc(-c3ccc4c(c3)CNC4)cc1n2C1CC1,2,3
869,O=C(COc1ccccc1)NNC(=S)NC(=O)c1ccc(-c2ccccc2)o1,1,3
653,O=C1CNC(=O)C(Cc2ccccc2)NC(=O)C2CCCN2C(=O)c2ccccc2NC(=O)C(Cc2ccccc2)N1,1,3
174,O=C(Nc1ccccc1)c1ccc(S(=O)(=O)N2CCCC23CCCCC3)cc1,1,3
519,O=C(C=Cc1cnc2c(c1)CN(CCN1CCOCC1)C(=O)N2)N1CC(c2cc3ccccc3o2)C1,1,3
1079,c1cnc2c(CCC3OCC(NCc4cc5c(cn4)OCCO5)CO3)cccc2c1,1,3
860,O=C(C=Cc1cccnc1)N1CCC(c2nccs2)C1,1,3
492,c1cncnc1,2,3
74,O=C(Nc1ccccc1)Nc1ccnn1-c1ccccc1,6,3
1111,O=C1CC(c2ccccc2)C(Cc2ccccc2)O1,1,3
588,O=C1CCCCOC(=O)CC(OC2CCCCO2)CC(OC2CCCCO2)CCC1,1,3
950,O=c1cc(NCCCN2CCN(c3nccc4ccccc34)CC2)c2c(o1)CCS(=O)(=O)C2,1,3
658,c1ccc2c(-c3cnc(-c4ccncc4)s3)n[nH]c2c1,1,3
235,O=C1C=CCC2OC12,3,3
733,O=C1CCSCc2cc3cc(c2)CSCC(NC(=O)CNC(=O)CNC(=O)CNC(=O)CNC(=O)C(Cc2ccccc2)NC(=O)CN1)C(=O)NCC(=O)NCC(=O)NCC(=O)NCC(=O)N1CCCC1C(=O)N1CCCC1C(=O)NCCSC3,1,3
215,C1=Cc2cccc(C34Oc5cc(-c6cc7ccccc7o6)ccc5C5C=CCC(c6ccccc6O3)C54)c2OC1,1,3
163,O=c1[nH]sc2c1c(=O)c1ccc(-c3ccccc3)cc1n2C1CC1,11,3
133,O=c1[nH]sc2cc3cc(N4CCNCC4)ccn3c(=O)c12,1,3
1165,O=C(Cc1ccccc1)NC1C(=O)N2C=CCSC12,1,3
1274,O=C1CCc2cc(C=CC(=O)N3CCC(C(=O)c4ccccc4)CC3)cnc2N1,1,3
1091,O=c1ccn(C2CC2)c2cc(N3CCN(N=Nc4ccc(S(=O)(=O)Nc5ncccn5)cc4)CC3)ccc12,1,3
186,C(=CC1CCCNC1)c1ccccc1,1,3
42,O=C(Nc1ccccc1)Nn1cnc2ccccc2c1=O,3,3
693,O=C(CCN1C(=O)C(=Cc2ccccc2)SC1=S)Nc1ccccc1,1,3
109,O=C1C(CCCCCCc2ccccc2)C(=O)N(c2ccccc2)N1c1ccccc1,1,3
39,C=C1C(=O)N2C=CC(=C)S(=O)(=O)C12,2,3
569,O=C(Nc1ccccc1)c1ccc(-c2ccc(C(=O)Nc3cccc(C4=NCCN4)c3)cc2)cc1,1,3
1290,O=C1CCc2cc(C=CC(=O)N3CCC(Cc4ccccn4)CC3)cnc2N1,1,3
1314,O=C1CCc2cc(C=CC(=O)N3CC4CCCC4C3)cnc2N1,2,3
1275,O=C1CCc2cc(C=CC(=O)N3CC=C(c4ccc5c(c4)OCO5)CC3)cnc2N1,1,3
484,O=C1NC(=S)SC1=Cc1ccc(-c2ccccc2)o1,2,3
469,O=C(NCCn1cc(CC23CCNC2Nc2ccccc23)nn1)c1ccccc1,1,3
25,c1ccc(CNC2CCOC2CNc2ccc3ccccc3n2)cc1,1,3
804,O=C(OCCNCc1ccccc1)C1=CNC=CC1c1ccccc1,1,3
829,O=C(Nc1cc2ccc(OC3CC(OC(=O)c4ccc[nH]4)CCO3)cc2oc1=O)c1ccccc1,1,3
923,O=C(NCCn1cc(CCCCc2[nH]cnc2-c2cnc3ccccc3c2)nn1)c1ccccc1,1,3
1122,C(=Cc1ccccc1)CN1CCN(CCCc2ccnc3ccccc23)CC1,2,3
367,O=C(CCN1CCC(CCCc2ccnc3ccccc23)CC1)N1CCCCC1,1,3
506,,10,3
1167,O=C(NCC(=O)N1CCCC1)OCc1ccccc1,2,3
384,O=C(NCCn1cc(CCCCCc2c[nH]cn2)nn1)c1ccccc1,7,3
735,O=C1CCSCc2cc3cc(c2)CSCC(NC(=O)C2CCCN2C(=O)C2CCCN2C(=O)CNC(=O)CNC(=O)CN1)C(=O)NCC(=O)NCC(=O)N1CCCC1C(=O)NCCSC3,1,4
718,c1ccc(CSc2nc3ncncc3[nH]2)cc1,1,4
1180,O=C1C=CC(Cc2cccc(Cc3cccc(CC4=CCC(=O)C=C4)c3)c2)=CC1,1,4
455,c1ccc2c(c1)nc(N1CCOCC1)n2-c1ccc2cncnc2c1,1,4
265,O=C1CC2C3CCCCC3CCC2C2CC=CCC12,2,4
931,C=C1CCC2CCCCC2C1CCCC=CC[n+]1c[nH]c2nc[nH]c(=N)c21,1,4
233,c1ccc2c(c1)COc1ccccc1-2,1,4
445,c1cc2sccc2cn1,7,4
396,c1ccc2c(CCCC3CCN(C4CC(c5cc[nH]n5)C4)CC3)ccnc2c1,1,4
911,c1ncc2ncn(C3CCCO3)c2n1,1,4
177,O=C(Nc1ccccc1)c1ccc(S(=O)(=O)N2CCC(Cc3ccccc3)CC2)cc1,1,4
19,c1ccc(Oc2ccc(CCc3csc(C4CCCO4)n3)cc2)cc1,2,4
1233,c1ccc(CNC2CCC(CCc3ccnc4cccnc34)CC2)cc1,1,4
1132,O=c1ccc2cccc3c2n1CC3CC1OCC(NCc2cc3c(nn2)OCCO3)CO1,1,4
1003,O=c1sn(Cc2ccccc2)c(=O)n1Cc1ccccc1,4,4
999,O=c1ccn(C2CCC(CCC3CCCCO3)O2)c(=O)[nH]1,1,4
596,O=c1cc(C=Cc2ccc[nH]2)occ1Oc1ccccc1,1,4
62,O=C1CNc2ccc(C(=O)NCc3cc4ccccc4[nH]3)cc2CN1,3,4
273,c1ccc(C2=NCCc3c2[nH]c2ccccc32)cc1,2,4
1074,O=C1CSc2ccc(CNC3COC(CCc4ccnc5cccnc45)OC3)nc2N1,1,4
1246,c1ncc(Oc2ccc(OCC3CC3)cc2)cn1,1,4
279,O=C(c1ccccc1)c1coc2ccccc12,3,4
1033,O=C(Nc1ccccc1-c1cncnc1)c1ccccc1,1,4
695,O=C(CC1Nc2cccc3cccc(c23)NC1=O)Nc1ccccc1,1,4
369,c1csc(SCCN2CCC(CCCc3ccnc4ccccc34)CC2)c1,3,4
1221,O=C(Nc1cccc(C#CC(OC2CCCO2)C2CCC(n3ccc(=O)[nH]c3=O)O2)c1)c1ccccc1,1,4
37,C=C1C=CN2C(=O)C(=Cc3ccccn3)C2S1(=O)=O,3,4
736,O=C1CNC(=O)C2CCCN2C(=O)CCSCc2cc3cc(c2)CSCC(NC(=O)C2CCCN2C(=O)C2CCCN2C(=O)CN1)C(=O)NCC(=O)NC(Cc1ccccc1)C(=O)N1CCCC1C(=O)NCCSC3,1,4
1008,O=c1sn(-c2cnoc2)c(=O)n1Cc1ccccc1,6,4
663,c1cncc(-c2ncc(-c3n[nH]c4c(CC5CC5)cccc34)s2)c1,1,4
1118,c1csc(SCCN2CCN(CCCc3ccnc4ccccc34)CC2)c1,1,4
948,O=c1cc(OCCCN2CCN(c3nccc4ccccc34)CC2)c2ccccc2o1,1,4
548,c1ccc(-c2ccc(CCN3CCC(C(c4ccccc4)c4ccccc4)CC3)cc2)cc1,1,4
1113,O=C1C=C(c2ccccc2)C(Cc2cccc(CCCOC3=C(c4ccccc4)C(Cc4ccccc4)OC3=O)c2)O1,1,4
689,O=C1C=C(N2CC2)C(=O)C(c2cc(-c3cccs3)on2)=C1N1CC1,2,4
739,O=C1CNC(=O)C2CCCN2C(=O)CCSCc2cccc(c2)CSCCNC(=O)C2CCCN2C(=O)C2CCCN2C(=O)CN1,1,4
192,O=C(C=Cc1ccco1)Nc1ccc(N2CCOCC2)cc1,1,4
457,c1ccc(-c2nc3ccccc3n2-c2ccc3cncnc3c2)cc1,1,4
394,c1csc(C(c2c[nH]c3ccccc23)c2c[nH]c3ccccc23)c1,1,4
676,c1ccc(Cn2ccc3cc(OCCN4CCOCC4)ccc32)cc1,1,4
761,O=C1CCc2cc(C=CC(=O)N3CCCCC3)cnc2N1,3,4
1305,O=C1CCc2cc(C=CC(=O)N3CC4C=C(c5ccco5)CC4C3)cnc2N1,2,4
729,O=C1CNC(=O)C2CCCN2C(=O)CCSCc2cc3cc(c2)CSCC(NC(=O)C2CCCN2C(=O)C2CCCN2C(=O)CN1)C(=O)NC(Cc1cnc[nH]1)C(=O)NCC(=O)N1CCCC1C(=O)NCC(=O)NCCSC3,1,4
420,c1cnc2c(CCC3CCC(NCc4cc5c(cn4)OCCS5)CO3)ccnc2c1,1,4
376,C=C1CCC(OC2CC(CNC(=O)c3ccc[nH]3)CCO2)C2C=CCC(C=C3C(=O)CN(C4CCCCO4)C3=O)C12,2,4
413,C1=CCc2cccc(c2)Oc2ccccc2CC=CCc2cccc(c2)Oc2ccc(cc2)C1,1,4
75,O=C(Nc1ccccc1)Nc1cc(-c2ccccc2)nn1-c1ccccc1,4,4
1242,O=C(c1cnn(-c2ccccc2)c1)c1cc2cc(CN3CCN(Cc4ccc5oc(C(=O)c6cnn(-c7ccccc7)c6)cc5c4)CC3)ccc2o1,1,4
1044,O=C1Nc2ccc(S(=O)(=O)N3CCOCC3)cc2C12C=COC=C2,2,4
501,c1cc(-c2nccs2)c(-c2cncc(-c3cnoc3)c2)cn1,1,4
826,O=C1C=CC(=O)c2ccccc21,2,4
987,O=C(CCC1CCCC1)NNc1cc(N2CCN3CCOCC3C2)ncn1,1,4
617,c1cnc2nc(C3CC3)ncc2c1,1,4
115,O=C(CCCC1C(=O)N(c2ccccc2)N(c2ccccc2)C1=O)c1ccccc1,1,4
418,O=C1CSc2ccc(CNC3CCC(C(=O)Nc4ccnc5cccnc45)CC3)nc2N1,1,4
602,c1cnc2ncncc2c1,10,4
605,c1cnc2ncnc(CCCCCC3CCCCC3)c2c1,1,4
1270,O=c1[nH]cccc1Oc1ccccc1,1,4
90,O=C(C=Cc1c[nH]cn1)NC(CC(=O)NCC(=O)C1CC(=O)NC1=O)c1ccccc1,1,4
849,O=C(NCc1n[nH]c(=O)o1)c1ccc(NC(=O)c2ccc[nH]2)cc1,2,4
1112,O=C1OC(=Cc2ccccc2)C=C1c1ccccc1,1,4
1269,O=c1cc[nH]cc1Oc1ccccc1,2,4
754,O=C1Nc2ccccc2C1=NNC(=S)NC1CCCCO1,4,4
499,c1ccc(-c2ccncc2-c2cccnc2)cc1,1,4
1179,O=C1CC(c2ccccc2)Oc2ccccc21,1,4
1058,c1ccc(C2=NNc3c(c4nc5ccccc5nc4c4ccccc34)C2c2ccccc2)cc1,2,4
1056,O=C1CSc2ccc(C(=O)NC3COC(CCc4ccnc5ccccc45)OC3)cc2N1,1,4
12,c1ccc2c(c1)NCCC2NCCCNc1ccc2ccccc2n1,1,4
397,c1ccc2c(CCCC3CCN(C4CC(c5ccncn5)C4)CC3)ccnc2c1,2,4
925,O=C(NCCn1cc(CCCCc2[nH]cnc2-c2ccc3c(c2)OCO3)nn1)c1ccccc1,1,4
556,O=c1[nH]cnc2nc(SCc3ccccc3)[nH]c12,1,4
43,O=C1CCc2ccc(cc2)Oc2cc3cc(c2OC2OCCCC2OC2CCCCO2)Oc2ccc(cc2)CC2NC(=O)C(NC(=O)C3NC(=O)CN1)c1cccc(c1)-c1ccccc1CNC2=O,2,4
842,O=C(CCc1ccccc1)NCC(=O)NC1CNC(C(=O)NCC(=O)NCC(=O)NCC(=O)NC2CNC(C(=O)NCC(=O)NCC(=O)NCC(=O)NC3CCNC3)C2)C1,2,4
168,O=c1[nH]sc2c1c(=O)c1ccc(N3CCNCC3)cc1n2C1CC1,1,4
417,O=c1ccc2ccccc2n1CCN1CCC(NCc2cc3c(cn2)OCCO3)CC1,1,4
577,C(#Cc1cncnc1)Cc1cccc(N2CCNCC2)c1,1,4
835,C(#Cc1ccccc1)CNCc1ccc2c(c1)OCO2,1,4
268,O=c1[nH]c(=O)n(C2CC2)c2cc(N3CCCC3)ccc12,2,4
995,O=C(CCC1CCCC1)N1CCCCN1,1,4
427,O=c1ccc2cccc3c2n1CC3CN1CCC(NCc2cc3c(cn2)OCCO3)CC1,1,4
691,C1=CC2c3ccccc3NC(c3ccccc3)C2C1,1,4
545,O=C(CCN1CCC(C(c2ccccc2)c2ccccc2)CC1)c1ccccc1,1,4
1243,C(#CC1CCCC1)c1cncnc1,1,4
675,c1ccc(Cn2ccc3cc(OCCN4CCCCC4)ccc32)cc1,1,4
690,O=C(Nc1ccc(Sc2nc3ccccc3s2)cc1)c1ccccc1,9,4
1170,O=C(c1ncc(-c2c[nH]c3ccccc23)[nH]1)c1c[nH]c2ccccc12,1,4
852,O=C(Oc1ccc2nc(-c3ccccc3)cc(OCCN3CCCCC3)c2c1)c1ccccc1,1,4
1298,O=C1CCc2cc(C=CC(=O)N3CC4CN(c5ccccc5)CC4C3)cnc2N1,6,4
160,O=c1[nH]sc2c1c(=O)c1ccc(-c3ccc(-n4cccc4)nc3)cc1n2C1CC1,1,4
1059,O=C(Nc1nc2ccc(-c3nnn[nH]3)cc2s1)c1ccc[nH]1,1,4
258,O=C1C=CC2(C=C1)CCNC1=C2C2=NCCc3c[nH]c(c32)C1=O,1,4
1037,O=C(NN=Cc1ccco1)c1ccccc1,4,4
336,O=C(NC(=O)C1CCCN1C(=O)CCC1CCCC1)C1CCCCC1,1,4
1247,c1ncc(Oc2ccc(OCC3CCC3)cc2)cn1,1,4
16,c1ccc2cc(-c3csc(C4CCCO4)n3)ccc2c1,1,4
516,O=C1CCc2cc(C=CC(=O)N3CC(c4ccccc4)C3)cnc2N1,1,4
325,O=C1CC(CCc2cccnc2)O1,1,4
769,O=C1CCc2cc(C=CC(=O)N3CCCCC3c3ncon3)cnc2N1,1,4
608,c1cnc2ncnc(-c3ccsc3)c2c1,1,4
1168,O=C(CNC(=O)C1CCCN1C(=O)CNC(=O)OCc1ccccc1)NCC=CS(=O)(=O)c1ccccc1,1,4
971,O=C(c1ccccc1)c1ccc(OCCCCCCCCCCn2cc(C(OC3CCCO3)C3CCC(n4ccc(=O)[nH]c4=O)O3)nn2)cc1,1,4
905,O=C1CCOC(=O)CNC(=O)CNC(=O)CCCCN1,1,4
223,c1ccc(Cc2ccccc2Oc2ccccc2)cc1,1,4
180,O=C(CCc1c[nH]c2ccccc12)NCC(=O)NC(Cc1c[nH]c2ccccc12)C(=O)NCC(=O)NCCc1c[nH]c2ccccc12,1,4
949,O=c1cc(NCCCN2CCN(c3nccc4ccccc34)CC2)c2c(o1)CCSC2,1,4
100,C1CCCC1,1,4
837,C(=Cc1ccc2ccccc2c1)CNCc1ccc2c(c1)OCO2,1,4
758,c1ccc(Cn2ccc3cc(OCCCNCCCOc4ccc5c(ccn5Cc5ccccc5)c4)ccc32)cc1,1,4
522,O=C1CCNc2cc(C=CC(=O)N3CC(c4cc5ccccc5o4)C3)cnc2N1,1,4
762,c1ccc(OCC2CCNCC2)cc1,1,4
23,c1ccc(CNC2CCCC2CNc2ccc3ccccc3n2)cc1,6,4
357,O=S1(=O)Nc2c(-c3ccccc3)nn(-c3ccccc3)c2-c2ccccc21,1,4
734,O=C1CCSCc2cc3cc(c2)CSCC(NC(=O)C2CCCN2C(=O)C2CCCN2C(=O)CNC(=O)CNC(=O)CN1)C(=O)N1CCCC1C(=O)NC(Cc1ccccc1)C(=O)NCC(=O)NCCSC3,1,4
1102,O=C(CCN1CCN(c2ccc3c(=O)ccn(C4CC4)c3c2)CC1)Nc1ccc(S(=O)(=O)Nc2ccon2)cc1,1,4
1229,O=S(=O)(NC(=S)Nc1nncs1)c1ccccc1,4,4
612,c1cnc2ncnc(-c3ccncc3)c2c1,1,4
1129,O=c1ccc2cccc3c2n1CC3CC1OCC(NCc2cc3c(cn2)OCCC3)CO1,1,4
341,O=C(NC(=O)C1CCCN1C(=O)CCC1CCCC1)OC1CCOCC1,1,4
432,O=C1CSc2ccc(CNC3CCC(CCc4cccc5ncccc45)OC3)nc2N1,1,4
1211,O=C1C=CC2C(CCC34CC5C=CC36COC24OC6CC5=O)C1,1,4
218,c1ccc(Oc2ccc(-c3ccco3)cc2)cc1,1,4
912,O=C1NC(=O)C2(Cc3cc4c(N5CC6(CC6)OC5=O)noc4cc3N3CCOCC32)C(=O)N1,1,4
204,c1ccc(COc2cc(-c3cccnc3)cc3nc[nH]c23)cc1,1,4
1070,c1ccc2c(CCC3OCC(NCc4cc5c(nn4)OCCS5)CO3)ccnc2c1,2,4
1081,O=C1COc2ccc(CNC3COC(CCc4cccc5cccnc45)OC3)nc2N1,1,4
94,O=C(CCc1ccccc1)NCC(=O)C1CC(=O)N(C2CC2)C1=O,1,4
1143,O=c1ccn(C2OC3(COC4CCCO4)COC2C3)c(=O)[nH]1,3,4
69,c1ccc2c(c1)CCN(Cc1cncnc1)C2,3,4
1159,O=C1NC(=O)C2(Cc3cc4c(-n5cncn5)noc4cc3N3CCOCC32)C(=O)N1,1,4
285,O=C(COC(=O)CNC(=O)c1ccccc1)Nc1cc2c(s1)CCCC2,1,4
697,C1CCC(OC2OCCC2OC2CCCCO2)CC1,1,4
86,c1ccc(Cn2cnc(-c3cccs3)c2)cc1,1,4
435,c1cc(CCC2CCC(NCc3cc4c(nn3)OCCS4)CO2)c2nccnc2c1,1,4
977,O=C(CCCCCc1ccc(-c2ccccc2)cc1)C1=CCSC1=O,1,4
154,O=c1[nH]sc2c1c(=O)c1ccc(-c3ccc[nH]3)cc1n2C1CC1,1,4
76,O=C(Nc1ccccc1)Nc1c(-c2ccccc2)cnn1-c1ccccc1,1,4
1236,O=C1CC(c2nc3ccccc3[nH]2)CN1c1ccccc1,28,4
1324,O=C1CCc2cc(C=CC(=O)N3CC4CC(c5ccccc5)CC4C3)cnc2N1,1,4
790,O=C(NC1CCCCC1)C1COCC(=O)N1N=Cc1ccco1,1,4
581,O=C(CCC(=O)NCCc1ccccc1)NCCCCN(Cc1ccccc1)Cc1ccccc1,1,4
447,O=C1C=C(c2ccccc2)C(=Cc2ccccc2)N1,1,4
704,O=C1C=CC=CCCCCCCCCC=COC2Oc3ccc4cc(c(C=NN5CCNCC5)cc4c3C2=O)N1,1,4
189,C(=CC1CNCCC1c1ccccc1)c1ccccc1,1,4
272,c1ccc2[nH]ccc2c1,13,4
1116,C1=Cc2nccc3c(Cc4c[nH]c5ccccc45)ccc(c23)N1,1,4
885,c1ccc(-c2cncn2CCCCCCCn2cncc2-c2ccccc2)cc1,4,4
237,c1ccc(-n2cccc2)cc1,2,4
488,c1cncc(-c2cnccc2-c2nccs2)c1,3,4
1280,O=C1CCc2cc(C=CC(=O)N3CC=CCC3)cnc2N1,1,4
560,O=C(CCn1sc2ccccc2c1=O)NNC(=O)C12CC3CC(CC(C3)C1)C2,2,4
118,O=C(CC1(CC(=O)c2ccccc2)C(=O)N(c2ccccc2)N(c2ccccc2)C1=O)c1ccccc1,1,4
638,c1ccc2[nH]c(-c3ccc4cncnc4c3)nc2c1,1,4
1194,O=C(NC1Cc2cc3ccc(cc3[nH]2)-c2cc3cc(c2)C(NC(=O)C(c2ccccc2)NC1=O)C(=O)NC(c1ccccc1)C(=O)NC(C(=O)NCc1ccccc1)Cc1ccc(cc1)O3)C(=O)c1ccccc1,1,4
802,O=C(NC1CCNCC1)c1ccc[nH]1,1,4
751,O=C(Nc1ccccc1)c1ccn(-c2ccccc2)n1,1,4
513,O=C1CCc2cc(C=CC(=O)N3CC(c4cc5ccccc5o4)C3)cnc2N1,2,4
634,C(#Cc1cncnc1)Cc1cccc(-c2cncnc2)c1,1,4
965,c1cnc(Sc2nc[nH]n2)nc1,1,4
1126,O=c1ccc2cccc3c2n1CC3CC1OCC(NCc2ccc3c(c2)OCCO3)CO1,1,4
908,O=C(Nc1ccccc1)c1ccccc1,11,4
1202,O=C1NC(=S)SC1=C1C(=O)N(Cc2ccccc2)c2ccccc21,4,4
127,c1cncc(COc2ccccc2CNCCc2cccs2)c1,1,4
791,O=C(NCc1ccccc1)C1COCC(=O)N1N=Cc1ccco1,1,4
830,O=C1c2ccccc2CC=CCCC2OC12,3,4
117,O=C(CC1C(=O)N(c2ccccc2)N(c2ccccc2)C1=O)c1ccccc1,1,4
474,O=C(Nc1ccc2c(c1)ncn2C1CCCC1)c1ccccc1,1,4
741,c1cc(-c2nccc(C3CN4CCC3CC4)n2)ccn1,1,4
1121,c1ccc(CCCN2CCN(CCCc3ccnc4ccccc34)CC2)cc1,1,4
951,O=c1cc(NCCCN2CCN(c3nccc4ccccc34)CC2)c2c(o1)CCOC2,1,4
58,O=C(c1ccccc1)N1CCc2c([nH]c3ccccc23)C1c1ccccc1,1,4
604,c1cnc2ncnc(C3CCCC3)c2c1,1,4
787,O=C(NCc1ccccc1)C1CCCC(=O)N1N=Cc1ccco1,2,4
831,O=C1C=CC(=O)C2=C1CC=CCCC1OC1C2=O,1,4
120,c1ccc(CCNCc2ccccc2OCc2ccccc2)cc1,5,4
657,O=C(NCCN1CCCCC1)c1ccc(-c2ncc(-c3n[nH]c4ccccc34)s2)cn1,1,4
1067,c1ccc(CNC2CCN(CCc3ccnc4cccnc34)CC2)cc1,12,4
670,O=C1CC(c2ccccc2)c2cn[nH]c2N1,1,4
106,O=C1C(CCCCc2ccccc2)C(=O)N(c2ccccc2)N1c1ccccc1,1,4
636,c1ncc(-c2ccc3cncnc3c2)cn1,1,4
370,c1coc(SCCN2CCC(CCCc3ccnc4ccccc34)CC2)c1,2,4
269,O=c1[nH]c(=O)n2ccc(N3CCCC3)cc2c1C1CC1,1,4
656,c1cncc(-c2ncc(-c3n[nH]c4ccccc34)s2)c1,11,4
820,c1ccc(-c2cccc3cnccc23)cc1,1,4
936,O=C(C=Cc1ccccc1)NNC(=O)c1ccccc1,2,4
823,c1ccc2cnccc2c1,1,4
867,O=C(COc1ccccc1)NNC(=S)NC(=O)c1ccccn1,1,4
47,O=C(COc1ccccc1)OCC1=CN2C(=O)C(=Cc3ccccn3)C2S(=O)(=O)C1,1,4
350,O=C(NCCc1cccnc1)NC(=O)C1CCCN1C(=O)CCC1CCCC1,1,4
1145,O=c1ccn(C2CCC(C(C#Cc3ccccc3)OC3CCCO3)O2)c(=O)[nH]1,10,4
877,O=C(C=Cc1ccn(-c2ccccc2)c1)Nc1ccccc1,1,4
774,O=C1CCc2cc(C=CC(=O)N3CC(ON=CCc4ncccn4)C3)cnc2N1,1,4
196,C(=Cc1cccs1)c1nc2cccnc2[nH]1,1,4
103,c1ccc(CSCc2ccno2)cc1,1,4
5,C=C1C(=O)N2CC(COC(=O)CSc3nnn[nH]3)S(=O)(=O)C12,2,4
620,c1cnc2nc(C3CCCCC3)ncc2c1,1,4
572,O=C(Nc1cccc(Oc2ccccc2)c1)c1ccc(-c2ccc(C(=O)Nc3cccc(C4=NCCN4)c3)cc2)cc1,1,4
53,O=C1CC2C1CC(Cn1ccnn1)S2(=O)=O,1,4
264,C1=CCC2C(C1)CCC1C3CCCCC3CCC21,3,4
1054,O=C1COc2ccc(C(=O)NC3COC(CCc4ccnc5ccccc45)OC3)cc2N1,1,4
1210,O=S(=O)(Nc1ccccc1)c1ccc2ccccc2c1,1,4
444,c1nc(OC2CCCC2)nc2c1ncn2C1CCCO1,1,4
1106,C(=Cc1ccc(OCc2ccccc2)c(OCc2ccccc2)c1)c1ccc(-c2cc3ccccc3o2)cc1,1,4
783,O=C1CCCN1N=Cc1ccco1,1,4
838,S=C(NN=Cc1ccccc1)Nc1ccccc1,1,4
1187,c1cc(-c2nnc3sc(-c4ccc5[nH]cnc5c4)nn23)ccn1,1,4
692,O=C(Nc1ccncc1)c1cc2ccccc2[nH]c1=O,1,4
305,C(#Cc1cncnc1)Cc1cccc(-c2ccccc2)c1,19,4
342,O=C(NC(=O)C1CCCN1C(=O)CCC1CCCC1)OC1CCNCC1,1,4
1082,c1ccc(CNC2COC(CCc3cccc4cccnc34)OC2)cc1,1,4
314,C=C1CCC2CCCCC2C1CCCCCCC=CCc1ccccc1,1,4
150,O=c1[nH]sc2c1c(=O)c1ccc(-c3ccc4cnccc4c3)cc1n2C1CC1,1,4
125,c1ccc(COc2ccccc2CNCCc2cccs2)cc1,2,4
1178,O=C1C=CC(=O)c2c1ccc1c2C2OCCC2O1,1,4
575,c1ccc(OCc2nc3cccnc3s2)cc1,1,4
698,O=C(CCc1c[nH]c2ccccc12)NCC(=O)NCC(=O)NC1COC(=O)C(CC(=O)c2ccccc2)NC(=O)CNC(=O)CNC(=O)CNC(=O)CNC(=O)CNC(=O)CNC(=O)CNC(=O)CNC1=O,1,4
665,c1ccc(Cn2ccc3ccccc32)cc1,6,4
51,O=C1CC2N1CC(C=Cc1ccccn1)S2(=O)=O,1,4
1043,O=C1Nc2ccc(S(=O)(=O)N3CCCCC3)cc2C12C=COC(c1ccccc1)=C2,3,4
959,O=c1ccn(C2CC2)c2cc(N3CCN(C(=S)Nc4ccccc4)CC3)ccc12,10,4
727,O=C1CCSCc2cc3cc(c2)CSCC(NC(=O)C2CCCN2C(=O)C2CCCN2C(=O)CNC(=O)CNC(=O)CN1)C(=O)NCC(=O)N1CCCC1C(=O)NCC(=O)NCCSC3,2,4
800,C(=Cc1ccccc1)Cn1cc(CCCCCc2c[nH]cn2)nn1,4,4
834,C(=Cc1ccccc1)CNCc1ccc2c(c1)OCO2,23,4
354,O=C(CNC(=O)CNC(=O)NCCc1c[nH]c2ccccc12)NC=C1CCC(n2ccc(=O)[nH]c2=O)O1,4,4
1273,O=C1CCc2cc(C=CC(=O)N3CCc4ccccc4C3)cnc2N1,1,4
143,c1ccc(CCc2cnc(Nc3ccc4c(c3)CCC4)nc2)cc1,1,4
471,C(#Cc1cncnc1)Cc1ccccc1,1,4
883,c1ccc(CNc2nccc(-c3c[nH]c4ccccc34)n2)cc1,1,4
972,O=c1ccn(C2CCC(C(OC3CCCO3)C3CCCCN3)O2)c(=O)[nH]1,2,4
654,O=C1CNC(=O)CNC(=O)CC(C=Cc2ccccc2)OC(=O)CNC(=O)CN1,2,4
400,C(=Cc1ccccc1)CN1CCC(CCCc2ccnc3ccccc23)CC1,2,4
512,O=C1CCc2cc(C=CC(=O)N3CC(c4cc5ccccc5s4)C3)cnc2N1,1,4
321,O=C(NC1CCN(c2ccccn2)CC1)c1ccc[nH]1,6,4
20,c1coc(-c2csc(C3CCCO3)n2)c1,1,4
685,O=C(Nc1ccccc1)c1ccc[nH]1,10,4
36,O=C(CCCOc1ccc(Cc2ccccc2)cc1)NCC(=O)NCC(=O)NC1CSC(=O)CNC(=O)CNC(=O)C(Cc2ccccc2)NC(=O)CNC1=O,2,4
903,c1ccc(CNC2COC(CCc3ccnc4ccccc34)OC2)cc1,6,4
828,c1ccc2c(c1)CCCO2,8,4
1188,O=c1ccn(Cc2ccccc2)cc1Cc1ccccc1,1,4
408,c1ccc(CN2CCN(CCOc3cc(-c4ccccc4)nc4ccccc34)CC2)cc1,2,4
921,O=C(CCn1cc(CC23CNCC2Nc2ccccc23)nn1)Nc1ccccc1,2,4
538,c1ccc(CCN2CCC(C(c3ccccc3)c3ccccc3)CC2)cc1,5,4
759,O=C1CCc2cc(C=CC(=O)N3CCC3)cnc2N1,4,4
246,O=c1ccc2ccc(OCc3cccc4ccccc34)cc2o1,1,4
785,O=C(NC1CCCCC1)C1CCCC(=O)N1N=Cc1ccco1,1,4
490,c1ccncc1,4,4
155,O=c1[nH]sc2c1c(=O)c1ccc(-c3cncnc3)cc1n2C1CC1,3,4
962,c1cc(Sc2nncs2)c2nonc2c1,1,4
854,O=S(=O)(Nc1ccc(-c2nc3cc(NS(=O)(=O)c4cccs4)ccc3o2)cc1)c1ccccc1,4,4
626,O=C1NC2CSC(CCCCCc3cn(CCCCOc4ccc5ccccc5c4)nn3)C2N1,1,4
686,O=C1C=CC(=O)C2=C1CC1C3NC3CN21,1,4
570,O=C(Nc1ccc(C2=NCCN2)cc1)c1ccc(C(=O)Nc2ccc(C3=NCCN3)cc2)cc1,1,4
1264,O=C(CNC(=O)OCc1ccccc1)NCC(=O)Oc1ccc(C=CC=C2C(=O)NC(=O)NC2=O)cc1,1,4
18,c1ccc(Cc2cncnc2)cc1,8,4
128,c1csc(CCNCc2ccccc2OCc2ccncc2)c1,1,4
928,O=C1NCOC1=Cc1ccccc1,1,4
981,O=C(NCC1COC(CNS(=O)(=O)c2ccccc2)C1)c1ccccc1,1,4
1301,O=C1CCc2cc(C=CC(=O)N3CC4CN(Cc5cccs5)CC4C3)cnc2N1,1,4
191,O=C(CSc1cc(SCC(=O)c2ccccc2)sn1)c1ccccc1,1,4
993,O=C(Nc1ccncn1)C1CCCNN1C(=O)CCC1CCCC1,2,4
1323,O=C1CCc2cc(C=CC(=O)N3CC4CC(Oc5ccccc5)CC4C3)cnc2N1,1,4
607,c1csc(-c2ncnc3ncccc23)c1,2,4
181,c1nc(NC2CCCCCC2)nc(NC23CC4CC(CC(C4)C2)C3)n1,1,4
302,O=C(C=Cc1cccc(Cc2cncnc2)c1)N1N=Cc2ccccc2C1c1cnc(N2CCOCC2)nc1,3,4
497,c1cncc(-c2cnccc2-c2ccncc2)c1,1,4
1146,O=c1ccn(C2CCC(COC3CCCO3)O2)c(=O)[nH]1,1,4
1100,O=C(CCN1CCN(c2ccc3c(=O)ccn(C4CC4)c3c2)CC1)Nc1ccccc1,1,5
518,O=C(Cn1ccnn1)Nc1ccc(C=CC(=O)N2CC(c3cc4ccccc4o3)C2)cn1,1,5
477,O=C(Nc1ccc2c(c1)ncn2CCc1ccc2ccccc2c1)c1ccccc1,1,5
158,O=c1[nH]sc2c1c(=O)c1ccc(-c3cncc(C4CCCN4)c3)cc1n2C1CC1,1,5
17,c1ccc(CCc2csc(C3CCCO3)n2)cc1,2,5
547,O=C(c1ccccc1)N1CCC(C(c2ccccc2)c2ccccc2)CC1,1,5
659,c1ccc(-c2ncc(-c3n[nH]c4ccccc34)s2)nc1,1,5
1090,O=c1ccn(C2CC2)c2cc(N3CCN(N=Nc4ccccc4)CC3)ccc12,2,5
1020,O=c1[nH]c(-c2cc(-c3ccc(OCc4ccccc4)cc3)ncn2)nc2ccccc12,1,5
1114,O=C1NC(=O)C(=CC=Cc2ccccc2)C(=O)N1,21,5
960,O=c1ccn(C2CC2)c2cc(N3CCC(NC(=S)Nc4ccccc4)C3)ccc12,1,5
1249,c1ccc(-c2cccc(Oc3cncnc3)c2)cc1,14,5
284,O=C(NCC(c1cccnc1)N1CCN(c2ccccc2)CC1)c1ccccc1,2,5
798,O=C(C=Cc1ccccc1)OC1COC(OC2C(=O)c3ccccc3OC2c2ccccc2)C(OC(=O)C=Cc2ccccc2)C1,1,5
226,O=C1C2=CCCC3COC4(Oc5c(ccc6c5C(=O)c5ccccc5C6=O)C234)c2ccccc21,2,5
27,O=C1CC2N1C1CC1S2(=O)=O,1,5
438,O=C1CNC(=O)Cc2cccc(c2)-c2cccc(c2)CCN1,1,5
1289,O=C1CCc2cc(C=CC(=O)N3CCC(Cc4nc5ccccc5s4)CC3)cnc2N1,1,5
230,C1=CCCC2C=C(c3[nH+]ccc4c3[nH]c3ccccc34)C3CCN(CCCC1)CC31CC3C=CCCCCN3C21,1,5
38,O=C1C(=Cc2ccccn2)C2N1C=CC(Sc1nnn[nH]1)S2(=O)=O,1,5
750,O=C(Nc1ccccc1)c1cnn(-c2ccccc2)c1,7,5
1046,C=C1C(=O)Nc2ccc(S(=O)(=O)N3CCOCC3)cc21,2,5
470,O=C(NCc1ccccc1)c1cccc(-n2nc3cncnc3n2)c1,1,5
1135,O=C1CSc2ccc(CNC3COC(CC4Cn5c(=O)ccc6nccc4c65)OC3)nc2N1,1,5
1303,O=C1CCc2cc(C=CC(=O)N3CC4C=C(c5ccncc5)CC4C3)cnc2N1,2,5
688,O=C1C=C(N2CC2)C(=O)C(c2cc(-c3ccc(C(=O)N4CCCCC4)s3)on2)=C1N1CC1,1,5
1219,O=c1ccn(C2CCC(C(C#Cc3cccc(-c4ccccc4)c3)OC3CCCO3)O2)c(=O)[nH]1,1,5
640,c1ccc(-n2ccc3ncc(-c4cccnc4)cc32)nc1,2,5
1149,O=C1OC23C=C1C(=O)C1C(C=CCCC=CC2C=CCC3)C=CC2C(OC3CC(OC(=O)c4ccccc4)CCO3)CCCC21,2,5
1186,c1ccc(-c2nn3c(-c4ccncc4)nnc3s2)cc1,2,5
1205,C=C1CCC2CC(=O)CCC2C1CC=C1C(=O)OCC1Oc1cccc2cccnc12,1,5
801,O=C(NCCn1cc(CCCCCc2c[nH]c(NCc3ccccc3)n2)nn1)c1ccccc1,1,5
161,O=c1[nH]sc2c1c(=O)c1ccc(-c3ccccn3)cc1n2C1CC1,2,5
957,c1ccc2c(CCN3CCC(NCc4cc5c(cn4)OCS5)CC3)ccnc2c1,1,5
822,c1cncc(-c2cccc3cnccc23)c1,2,5
1128,O=c1ccc2nccc3c2n1CC3CC1OCC(NCc2cc3c(cn2)OCCC3)CO1,1,5
878,O=C(Cn1cncc1-c1ccccc1)Nc1ccccc1,5,5
914,O=C1NC(=O)C2(Cc3cc4c(N5CC6(CCC6)OC5=O)noc4cc3N3CCOCC32)C(=O)N1,1,5
153,O=c1[nH]sc2c1c(=O)c1ccc(-c3cc4ccccc4[nH]3)cc1n2C1CC1,1,5
1214,O=C(Nc1cc2ccc(OC3CC(OC(=O)c4ccc[nH]4)CCO3)cc2oc1=O)c1c[nH]c(C(=O)Nc2cc3ccc(OC4CC(OC(=O)c5ccc[nH]5)CCO4)cc3oc2=O)c1,1,5
510,O=C1CCc2cc(C=CC(=O)N3CC(COc4ccc5ccccc5c4)C3)cnc2N1,1,5
1115,c1ccc2c(c1)OC13CCCC(C1)Oc1cccc-2c13,2,5
104,O=S(=O)(Cc1ccno1)c1ccccc1,5,5
587,O=C(Cc1ccccc1)NCC1=Cc2ccccc2OC1,5,5
1176,O=C(C=Cc1ccccc1)OC1CCCCC1,1,5
54,C=C1CN2C(=O)CC2O1,1,5
152,O=c1[nH]sc2c1c(=O)c1ccc(-c3ccc4[nH]ccc4c3)cc1n2C1CC1,1,5
404,c1ccc(-c2cc(OCCN3CCCC3)c3ccccc3n2)cc1,1,5
208,c1cncc(-c2ccc3[nH]cnc3c2)c1,6,5
1255,O=C1NC(=S)NC(=O)C1=CC=Cc1ccccc1,1,5
9,O=C(C=Cc1cnc2c(c1)CCC(=O)N2)NCc1cc2ccccc2[nH]1,1,5
1015,O=c1[nH]sc(=O)[nH]1,1,5
1061,O=C(Nc1nc2c(OCCN3CCOCC3)cccc2s1)c1ccc[nH]1,2,5
453,c1ccc2c(c1)nc(C1CCCO1)n2-c1ccc2cncnc2c1,1,5
254,C1CC2CCC3OOC24C(C1)CC(OCCOC1CC2CCCC5CCC6OOC52C(O1)O6)OC4O3,1,5
897,c1ccc2c(CCC3OCC(NCc4ccc5c(c4)OCCO5)CO3)ccnc2c1,3,5
1161,O=C(Nc1cc2c(s1)CCCCCC2)NC(C(=O)NC1C(=O)N2C=CCSC12)c1ccccc1,1,5
881,O=C(Cn1cnc(Cc2ccccc2)c1-c1ccccc1)NCc1ccccc1,1,5
1253,C1=Cc2c(ccc3c2[nH]c2ccccc23)OC1,3,5
624,O=C1NC2CSC(CCCCCc3cn(CC4OC(n5cnc6cncnc65)C5OCOC45)nn3)C2N1,1,5
346,O=C(NCc1ccccc1)NC(=O)C1CCCN1C(=O)CCC1CCCC1,1,5
1141,O=C1C=C(c2ccccc2)C2(O1)OC1(OC(=O)C=C1c1ccccc1)C(c1ccccc1)=C2c1ccccc1,2,5
263,O=C1C=CC2CC2CCC=CCCC=CC1,1,5
151,O=c1[nH]sc2c1c(=O)c1ccc(-c3ccc4cncnc4c3)cc1n2C1CC1,1,5
473,O=C(Nc1ccc2[nH]cnc2c1)c1ccccc1,6,5
641,c1cnc(-n2ccc3ncc(-c4cccnc4)cc32)nc1,13,5
1313,O=C1CCc2cc(C=CC(=O)N3CC4CNCC4C3)cnc2N1,1,5
1250,c1cc(Oc2cncnc2)cc(-c2ccc3ccccc3c2)c1,1,5
551,O=c1[nH]cnc2[nH]cnc12,12,5
929,O=C1NC(CCc2ccccc2)OC1=Cc1ccccc1,1,5
489,c1ccc2[nH]cnc2c1,1,5
1198,c1ccc2c[n+]3c(cc2c1)-c1cc2c(cc1CC3)OCO2,1,5
147,O=c1[nH]sc2c1c(=O)c1ccc(-c3cccc4ncccc34)cc1n2C1CC1,1,5
403,c1ccc(-c2cc(OCCN3CCNCC3)c3ccccc3n2)cc1,5,5
955,O=C1COc2ccc(N3CC(CCCNC4Cn5c(=O)ccc6cccc4c65)OC3=O)nc2N1,1,5
1245,c1ccc(Oc2cncnc2)cc1,6,5
660,O=c1cccc(-c2ncc(-c3n[nH]c4ccccc34)s2)[nH]1,1,5
464,c1ccc2c(c1)ncn2-c1ccc2cncnc2c1,2,5
187,C1=CC(OCC2CCCNC2)=CCC1,1,5
609,c1ccc(-c2ncnc3ncccc23)cc1,1,5
144,c1ccc(Cc2cnc(Nc3ccc4c(c3)CCC4)nc2)cc1,1,5
752,c1cn[nH]c1,2,5
982,O=C(NCC1COC(CNCc2ccccc2)C1)c1ccccc1,1,5
198,O=C(Nc1cc2ccc(OC3CCCCO3)cc2oc1=O)c1ccccc1,1,5
884,c1ccc(-c2cncn2CCCCCCCCn2cncc2-c2ccccc2)cc1,4,5
280,O=c1[nH]c2c(S(=O)(=O)c3ccccc3)nnn2c2ccccc12,1,5
294,c1ccc(-c2ccc[nH]2)cc1,1,5
1206,C=C1CCC2CCCCC2C1CC=C1C(=O)OCC1Oc1cccc2cccnc12,1,5
401,c1ccc(C2CC(N3CCC(CCCc4ccnc5ccccc45)CC3)C2)cc1,46,5
123,O=C1c2ccccc2C(=O)N1CCOc1ccccc1CNCCc1cccs1,1,5
203,c1ncc(-c2ccc3[nH]cnc3c2)cn1,2,5
836,C(=Cc1ccc(-c2ccccc2)cc1)CNCc1ccc2c(c1)OCO2,1,5
247,O=C1NCC(Cc2c[nH]c3ccccc23)C1Cc1c[nH]c2ccccc12,2,5
1260,O=C1NC(=O)C(=CC=Cc2ccc(OCC(=O)c3ccc[nH]3)cc2)C(=O)N1,1,5
1248,c1ncc(Oc2ccc(OCC3CCCC3)cc2)cn1,1,5
1154,c1cc(N2CCNCC2)ncn1,1,5
385,O=C(NCCn1cc(CCCCCc2cn(C3CCCC3)cn2)nn1)c1ccccc1,1,5
855,O=S(=O)(Nc1ccc2oc(-c3ccc(NS(=O)(=O)c4cccs4)cc3)nc2c1)c1ccccc1,4,5
220,c1ccc(Cc2ccccc2)cc1,2,5
642,c1ccc(Cn2ccc3ncc(-c4cccnc4)cc32)cc1,1,5
2,C=C1C(=O)N2CCS(=O)(=O)C12,8,5
113,O=C1C(Cc2ccccc2)C(=O)N(c2ccccc2)N1c1ccccc1,1,5
699,c1coc(-c2nc3ccccc3nc2-c2ccco2)c1,1,5
1267,O=C(C1=CC(=O)N(c2nnc(SCc3ccccc3)s2)C1c1ccccc1)c1cc2ccccc2o1,2,5
952,O=c1cc(NCCCN2CCN(c3nccc4ccccc34)CC2)c2c(o1)CCCC2,1,5
1169,O=C(c1nc(-c2c[nH]c3ccccc23)c[nH]1)c1c[nH]c2ccccc12,2,5
1196,O=C1NC23Nc4ccccc4C2C=CC(=O)N3C1=Cc1cnc[nH]1,1,5
442,c1ccc(-c2n[nH]c3cnccc23)nc1,2,5
1137,O=C1COc2ccc(C(=O)NC3COC(CCc4ccnc5cccnc45)OC3)nc2N1,1,5
664,c1cncc(-c2ncc(-c3n[nH]c4cnccc34)s2)c1,1,5
1213,O=C(Nc1nc2c(N3CCOCC3)cccc2s1)c1ccc[nH]1,1,5
318,c1cncc(-c2cccc(-c3ccc4cncnc4c3)c2)c1,1,5
649,O=C(NC1CC1)c1cn(-c2cnc3ccn(-c4ncccn4)c3c2)cn1,1,5
710,O=c1ccc2c(C3CCN(c4nccs4)CC3)n[nH]c2[nH]1,1,5
973,O=C1NCCCNC1C(OC1CCCO1)C1CCC(n2ccc(=O)[nH]c2=O)O1,3,5
628,c1ccc(-c2cc3ncncc3cc2Cn2ccnc2)cc1,1,5
633,c1csc(-c2nccn2-c2ccc3cncnc3c2)c1,1,5
1293,O=C1CCc2cc(C=CC(=O)N3CCC(Cn4ccc5ccccc54)CC3)cnc2N1,1,5
1224,O=C(Nc1ccccc1)c1ccc(C#CC(OC2CCCO2)C2CCC(n3ccc(=O)[nH]c3=O)O2)cc1,1,5
796,O=C(Cn1ncc2c(-c3ccccc3)c3ccccc3nc21)NCCN1CCNCC1,1,5
646,O=C1NCCC1n1ccc2ncc(-c3cccnc3)cc21,1,5
1013,O=c1sn(CCc2ccccc2)c(=O)n1Cc1ccccc1,1,5
557,O=C(Cn1sc2ccccc2c1=O)NC12CC3CC(CC(C3)C1)C2,3,5
682,c1ccc(CCn2ccc3cc(OCCCN4CCCCC4)ccc32)cc1,1,5
578,C(#Cc1cncnc1)Cc1cccc(-c2cc[nH+]cc2)c1,1,5
1110,O=C1CC(c2ccccc2)C(Cc2cccc(CC3CO3)c2)O1,1,5
1184,O=c1cc(SSc2cnn(-c3ccccc3)c(=O)c2)cnn1-c1ccccc1,7,5
525,O=C(NC1CCN(c2nc(-c3cncc(NCCN4CCNCC4)n3)cs2)CC1)c1ccc[nH]1,1,5
1060,O=C(Nc1nc2c(OCc3ccccc3)cccc2s1)c1ccc[nH]1,2,5
541,c1ccc(CCCN2CCC(C(c3ccccc3)c3ccccc3)CC2)cc1,1,5
749,O=C(C=CNNc1ccccc1)Nc1ccccc1,1,5
1227,O=C1C2=CCCCC2Oc2ccc(-c3ccc4c(c3)C(=O)C3C=CCCC3O4)cc21,1,5
485,O=C1C(=Cc2ccccc2)SC(=S)N1Cc1ccccc1,1,5
96,O=C1CCSC(=O)C(Cc2ccccc2)NC(=O)CNC(=O)CNC(=O)CN1,2,5
1021,O=c1[nH]c(-c2cc(-c3ccccc3)ncn2)nc2ccccc12,11,5
564,c1cc2cc(-c3ccc(-c4cc5ccc(C6=NCCN6)cc5[nH]4)cc3)[nH]c2cc1C1=NCCN1,1,5
743,O=C(NCC=Cc1cnc[nH]1)c1ccc[nH]1,1,5
864,O=C(Cc1ccccc1)N1CCC(c2nccs2)C1,1,5
892,c1ccc(-c2cnc(NCCCNc3ncc(-c4ccccc4)[nH]3)[nH]2)cc1,3,5
1039,O=C(NN=Cc1ccco1)c1cccs1,2,5
207,c1cncc(-c2cc(-n3cccn3)c3[nH]cnc3c2)c1,1,5
393,c1ccc(C(c2c[nH]c3ccccc23)c2c[nH]c3ccccc23)cc1,15,5
795,O=C(Nc1ccc(Nc2ncno2)cc1)c1ccc[nH]1,1,5
871,O=C(C=Cc1ccco1)NC(=S)NNC(=O)COc1ccccc1,1,5
398,c1ccc2c(CCCC3CCN(C4CC(c5ccno5)C4)CC3)ccnc2c1,1,5
767,O=C1CCc2cc(C=CC(=O)C3CC(c4ncon4)C3)cnc2N1,1,5
1217,O=c1ccn(C2CCC(C(CCc3ccccc3)OC3CCCO3)O2)c(=O)[nH]1,1,5
1029,c1ccc2c(c1)[nH]c1ncc(-c3cnc4ccnn4c3)c(N3CCC4CNCC43)c12,1,5
643,C1=CC(n2ccc3ncc(-c4cccnc4)cc32)CCC1,1,5
613,c1cnc2ncnc(-c3cnccn3)c2c1,1,5
961,O=c1ccn(C2CC2)c2cc(NCCNC(=S)Nc3ccccc3)ccc12,1,5
726,O=C1CCSCc2cc3cc(c2)CSCC(NC(=O)C2CCCN2C(=O)C2CCCN2C(=O)CNC(=O)CNC(=O)CN1)C(=O)NCC(=O)NC(Cc1ccccc1)C(=O)NCC(=O)NCCSC3,1,5
684,O=C(CCC1CCCC1)NCC(=O)N1CCN(Cc2ccc3c(c2)OCO3)CC1,1,5
99,O=C(CCc1ccccc1)NCC(=O)NCC(=O)NCC(=O)NC(Cc1ccccc1)C(=O)NCCc1ccccc1,1,5
805,c1ccc(Nc2ncnc3ccc(OCCCN4CCOCC4)cc23)cc1,1,5
407,c1ccc(-c2cc(OCCN3CCCCCC3)c3ccccc3n2)cc1,4,5
503,C=C1C(=O)CNC1=O,2,5
1072,c1cnc2c(CCC3OCC(NCc4cc5c(cn4)OCCO5)CO3)ccnc2c1,2,5
1057,O=C(C=Cc1ccccc1)NCCCNCc1cccc(CNCCCNC(=O)C=Cc2ccccc2)c1,1,5
930,N=c1[nH]cnc2[nH]c[nH+]c12,1,5
780,O=C1CCc2cc(C=CC(=O)N3CC(c4ncon4)C3)cnc2N1,1,5
201,O=C(NC1CC1)c1cn(-c2cc(-n3cccn3)c3[nH]cnc3c2)cn1,1,5
135,O=c1cc[nH]c2cc(N3CCNCC3)ccc12,1,5
1052,O=C(NC1COC(CCc2ccnc3ccccc23)OC1)c1ccccc1,8,5
41,O=C(NNC(=O)Nc1ccccc1)Nc1ccccc1,1,5
1018,O=C(Nc1ccccc1OC1CCNCC1)c1ccc[nH]1,6,5
231,c1ccc2c(c1)CCC1CCCCC21,1,5
379,O=C1c2ccccc2C(=O)c2ccccc21,9,5
289,O=S(=O)(c1ccccc1)c1nnn2c1ncc1ccccc12,2,5
419,c1cnc2c(CCC3CCC(NCc4cc5c(nn4)OCCS5)CO3)ccnc2c1,1,5
392,c1ccc2c(C(c3c[nH]c4ccccc34)c3c[nH]c4ccccc34)cccc2c1,1,5
593,O=c1cc(C=Cc2cccnc2)occ1Oc1ccccc1,5,5
1163,O=C(Nc1cccs1)NC(C(=O)NC1C(=O)N2C=CCSC12)c1ccccc1,1,5
1087,c1cnc2c(CCC3OCC(NCc4cc5c(cn4)OCO5)CO3)ccnc2c1,1,5
648,c1cnc(-n2ccc3ncc(-c4cncnc4)cc32)nc1,1,5
1153,C=C1CC23C=CC(=O)C(CCC(=O)Nc4ccccc4)C2CC1CC3,1,5
521,O=C1CN(CCN2CCOCC2)Cc2cc(C=CC(=O)N3CC(c4cc5ccccc5o4)C3)cnc2N1,1,5
65,O=C(C=Cc1cncnc1)NCc1cc2ccccc2[nH]1,1,5
15,c1ccc(-c2csc(C3CCCO3)n2)cc1,4,5
1181,O=c1cc(-c2ccccc2)oc2ccc(C3CCCCO3)cc12,1,5
1065,O=C(CNc1ccc2c(cc1=O)CCCc1ccccc1-2)NCCc1c[nH]c2ccccc12,1,5
493,c1cncc(-c2cccnc2)c1,4,5
380,S=C(NN=Cc1ccccc1)N1CCNCC1,9,5
188,c1ccc(OCC2CNCCC2c2ccccc2)cc1,2,5
764,O=C1CCc2cc(C=CC(=O)N3CCCC3c3ccccc3)cnc2N1,1,5
217,c1ccc(Oc2ccc3occc3c2)cc1,1,5
792,O=C1COCCN1N=Cc1ccco1,1,5
1077,O=c1cnc2cccnc2n1CCC1OCC(NCc2cc3c(cn2)OCCO3)CO1,1,5
879,O=C(Cn1cnc(Cc2ccccc2)c1-c1ccccc1)Nc1ccccc1,7,5
338,O=C(NC(=O)C1CCCN1C(=O)CCC1CCCC1)OC1CCC1,1,5
720,O=C1CCCN1CCSc1nc2c(=O)[nH]cnc2[nH]1,1,5
296,O=C(NCCCn1cc(CCCCCc2c[nH]cn2)nn1)OC1CCCCC1,1,5
1017,O=c1[nH]sc(=O)n1Cc1ccccc1,2,5
456,c1ccc2c(c1)nc(C1CC1)n2-c1ccc2cncnc2c1,1,5
816,c1cncc(Nc2ccc(-c3ccncc3)c3ccncc23)c1,2,5
270,N=C(C(=O)NC1C(=O)N2C=C(C=C3CCN(C4CCNC4)C3=O)CSC12)c1ncsn1,1,5
996,O=C(Nc1nncs1)C1CCCNN1C(=O)CCC1CCCC1,1,5
202,c1cnn(-c2cc(-c3cncnc3)cc3nc[nH]c23)c1,1,5
162,O=c1[nH]sc2c1c(=O)c1ccc(-c3cnccn3)cc1n2C1CC1,1,5
730,O=C1CCSCc2cc3cc(c2)CSCC(NC(=O)C2CCCN2C(=O)C2CCCN2C(=O)CNC(=O)CNC(=O)CN1)C(=O)NCC(=O)N1CCCC1C(=O)NCC(=O)NCC(=O)NCCSC3,1,5
402,c1ccc(-c2cc(OCCN3CCOCC3)c3ccccc3n2)cc1,1,5
703,O=C(NN=Cc1cccc2ncccc12)c1ccccc1,1,5
1130,O=c1ccc2nccc3c2n1CC3CC1OCC(NCc2cc3c(nn2)OCCS3)CO1,1,5
566,O=C(Nc1cccc(C2=NCCN2)c1)c1ccc(-c2ccc(C(=O)Nc3cccc(C4=NCCN4)c3)cc2)cc1,1,5
1022,O=c1[nH]c(-c2cc(-c3cccs3)ncn2)nc2ccccc12,1,5
1026,c1cncc(-c2cnc3[nH]c4ccccc4c3c2N2CCCC2)c1,1,5
1105,C(=Cc1ccc(-c2cc3ccccc3o2)cc1)c1ccccc1,2,5
206,c1cncc(-c2cc(-c3cccnc3)c3[nH]cnc3c2)c1,1,5
35,C=C1C(=O)N2C=C(CSc3nnn[nH]3)C(=C)S(=O)(=O)C12,1,5
776,O=C1CCc2cc(C=CC(=O)N3CCC(COc4ccccc4)CC3)cnc2N1,4,5
509,O=C1CCc2cc(C=CC(=O)N3CC(COc4ccccc4)C3)cnc2N1,6,5
1306,O=C1CCc2cc(C=CC(=O)N3CC4CN(c5cccnc5)CC4C3)cnc2N1,1,5
92,O=C(C=Cc1ccc(-c2ccccc2)cc1)NC(CC(=O)NCC(=O)C1CC(=O)NC1=O)c1ccccc1,1,5
898,c1ccc2c(CCC3OCC(NCc4cc5c(cn4)OCCO5)CO3)ccnc2c1,3,5
565,O=C(Nc1cc[nH]c1)c1ccc[nH]1,1,5
777,O=C(C=Cc1cnc2[nH]c(=O)ccc2c1)N1CCC(COc2ccccc2)CC1,1,5
242,O=C(Nc1nc2ccccc2s1)c1ccccc1,1,5
14,C(=Cc1ccccc1)c1ccccc1,6,5
316,c1ccc2c(-c3ccc4cncnc4c3)cccc2c1,1,5
601,c1cnc2nc(CC3CCCCC3)ncc2c1,1,5
388,c1ccn(Cc2ccsc2)c1,1,5
167,N=C1CCN(c2ccc3c(=O)ccn(C4CC4)c3n2)C1,1,5
841,O=C(CCc1ccccc1)NCC(=O)NCC(=O)NCC(=O)NCC(=O)NCC(=O)NCC(=O)NCC(=O)NCC(=O)NCC(=O)NC1CCNC1,1,5
21,c1ccc(Oc2ccc(-c3csc(C4CCCO4)n3)cc2)cc1,1,5
647,O=C(c1ccccn1)n1ccc2ncc(-c3cccnc3)cc21,1,5
1155,C(=Cc1cc(N2CCCCC2)c2ccccc2[nH+]1)c1ccccc1,2,5
832,O=C(C=CC=Cc1ccc2c(c1)OCO2)N1CCCCC1,1,5
1268,O=c1cc(OCCc2cccs2)ccn1Cc1ccccc1,1,5
563,C(=Cc1cc2ccc(C3=NCCN3)cc2[nH]1)c1cc2ccc(C3=NCCN3)cc2[nH]1,1,5
1292,O=C1CCc2cc(C=CC(=O)N3CCC(Cc4cccs4)CC3)cnc2N1,1,5
687,O=C1C=C(N2CC2)C(=O)C(c2cc(-c3ccc(C(=O)N4CCOCC4)s3)on2)=C1N1CC1,1,5
958,O=c1cc[nH]c2nc(N3CCN(C(=S)Nc4ccccc4)CC3)ncc12,6,5
190,O=C(C=Cc1cccs1)Nc1ccc(N2CCOCC2)cc1,4,5
976,O=C1C2=CCCCC2C23CCCCC2C1OC3=O,2,5
700,O=c1ccc2ccccc2n1Cc1ccccc1,1,5
511,O=C1CCc2cc(C=CC(=O)N3CC(c4nc5ccccc5s4)C3)cnc2N1,1,5
1083,c1cnc2c(CCC3OCC(NCc4cc5c(cn4)OCCC5)CO3)ccnc2c1,1,5
475,O=C(Nc1ccc2c(c1)ncn2Cc1ccccc1)c1ccccc1,2,5
857,O=S(=O)(Nc1ccc(-c2nc3cc(NS(=O)(=O)c4cccs4)ccc3o2)cc1)c1cccs1,1,5
748,c1ccc(-n2cccn2)nc1,1,5
253,O=C(C=Cc1cnc2c(c1)CC1(CCNCC1)C(=O)N2)NCc1ccccc1,2,5
22,c1ccc(CNC2CCC2CNc2ccc3ccccc3n2)cc1,2,5
460,c1c[nH]c(-c2nc3ccccc3n2-c2ccc3cncnc3c2)c1,1,5
1185,c1ccc(C2Nc3cccc4cccc(c34)N2)cc1,3,5
277,O=C(Nc1ccc2c(c1)OCO2)C(c1ccccc1)N1CCCCC1,3,5
956,O=C1CNc2nc(CNC34CCC(CCc5ccnc6ccc(=O)[nH]c56)(CC3)OC4)ccc2O1,1,5
1216,O=c1ccn(C2CCC(COC3CCC=CO3)O2)c(=O)[nH]1,1,5
386,O=C(NCCn1cc(CCCCCc2cn(-c3ccccc3)cn2)nn1)c1ccccc1,1,5
806,O=C(NC1CCNCC1)OCc1ccc(-c2ccncc2)c2ccncc12,3,5
344,O=C(NC(=O)C1CCCN1C(=O)CCC1CCCC1)NC1CCCC1,1,5
770,O=C1CCc2cc(C=CC(=O)N3CCC(c4ccccc4)CC3)cnc2N1,5,5
131,O=c1ccn(C2CC2)c2cc(N3CCNCC3)ccc12,2,5
872,O=C(COc1ccccc1)NNC(=S)NC(=O)c1cc2ccccc2o1,1,5
1124,c1ccc(CCCCN2CCN(CCCc3ccnc4ccccc34)CC2)cc1,1,5
88,c1ccc(Cc2nc(-c3ccsc3)no2)cc1,1,5
331,c1ccc2c(c1)COC2C1OCc2ccccc21,1,5
1239,O=C(NCCn1cc(CCCCCc2[nH]cnc2-c2ccc3c(c2)OCO3)nn1)c1ccccc1,1,5
467,O=C(NCCn1cc(Cc2c[nH]c3ccccc23)nn1)c1ccccc1,1,5
122,c1ccc(Oc2ccccc2CNCCc2cccs2)cc1,1,5
1045,O=C1Nc2ccc(S(=O)(=O)N3CCOCC3)cc2C12C=COC(c1ccccc1)=C2,2,5
1096,O=C(CN1CCN(c2ccc3c(=O)ccn(C4CC4)c3c2)CC1)Nc1ccc(S(=O)(=O)Nc2ncccn2)cc1,1,5
1131,O=c1ccc2cccc3c2n1CC3CC1OCC(NCc2cc3c(nn2)OCCS3)CO1,1,5
1295,O=C1CCc2cc(C=CC(=O)N3CCC(Cc4ccc5ccccc5n4)CC3)cnc2N1,1,5
861,O=C(C=Cc1cccnc1)N1CCC(c2ccc3c(c2)OCO3)C1,1,5
1127,O=C(NC1COC(CCc2ccnc3cccnc23)OC1)c1ccc2c(c1)OCCO2,1,5
