scaffold_global_id,scaffold_smiles,molecule_count,in_test_fold
1,O=C(NC(C(=O)NC1C(=O)N2C=C(CSc3nnn[nH]3)CSC12)c1ccccc1)c1cccnc1,1,4
2,N=C1CCN(c2ccc3c(=O)ccn(C4CC4)c3n2)C1,1,3
3,O=C1CCCNC(=O)CNC(=O)CNC(=O)CNC(=O)CNC(=O)C(Cc2ccccc2)NC(=O)CN1,1,2
4,c1cn[nH]c1,3,3
5,N=C(NCCCCCCNC(=N)NC(=N)Nc1ccccc1)NC(=N)Nc1ccccc1,1,5
6,c1ccccc1,278,2
7,N=C(C(=O)NC1C(=O)N2C=CCSC12)c1cscn1,4,3
8,O=c1ccn(C2CC2)c2cc(N3CCNCC3)ccc12,5,3
9,O=C(Cn1cnnn1)NC1C(=O)N2C=C(CSc3nncs3)CSC12,2,5
10,O=C1C=C2COCC=C2O1,1,5
11,O=C(Cc1cccs1)NC1C(=O)N2C=CCSC12,2,5
12,O=C1CC(OC2CCCCO2)CC(OC2CCCCO2)CCCCNCCCCO1,1,3
13,O=c1ccn2c3c(c(N4CCNCC4)ccc13)SCC2,1,2
14,N=C(C(=O)NC1C(=O)N2C=C(C[NH+]3CCCC3)CSC12)c1cscn1,1,5
15,O=c1occ(CN2CCN(c3ccc4c(=O)cc5n(c4c3)CS5)CC2)o1,1,2
16,C1CCC(OC2CCCC(OC3CCCCO3)C2)OC1,7,5
17,O=c1ccn(C2CC2)c2cc(N3CCCC3)ccc12,1,5
18,O=C1Nc2ccccc2N(C(=O)CN2CCNCC2)c2cscc21,1,5
19,O=C(Cc1ccccc1)NC1C(=O)N2C=C(CSc3nnn[nH]3)CSC12,4,4
20,c1ccc(Cc2cncnc2)cc1,2,3
21,C=C1c2ccccc2COc2ccccc21,2,1
22,O=c1cc[nH]c2cc(N3CCNCC3)ccc12,4,2
23,O=C1C(N2CNC(c3ccccc3)C2=O)C2SCCN12,1,1
24,c1ccc(Oc2ccccc2)cc1,8,5
25,N=C(C(=O)NC1C(=O)N2C=C(CSC(=O)c3ccco3)CSC12)c1cscn1,1,4
26,O=c1ccn2c3c(c(N4CCNCC4)ccc13)OCC2,1,2
27,C=C1SC(C(=O)NC2C(=O)N3C=C(CSc4nnn[nH]4)CSC23)S1,1,4
28,O=c1ccn(C2CCCO2)c(=O)[nH]1,7,3
29,O=c1cccc[nH]1,1,5
30,O=c1ccn2c3c(cccc13)CCC2,1,3
31,O=c1ccn(-c2ccccc2)c2cc(N3CCNCC3)ccc12,2,1
32,O=C1OCCN1N=Cc1ccco1,1,1
33,O=C1CC2SCC(CSc3nnn[nH]3)=CN12,1,4
34,O=c1ccn(C2CC2)c2cc(N3CC4CCCNC4C3)ccc12,1,4
35,O=C1NCCN(C(=O)NC(C(=O)NC2C(=O)N3C=C(CSc4nnn[nH]4)CSC23)c2ccccc2)C1=O,1,3
36,c1ccc2nc3ccccc3cc2c1,4,1
37,O=C1CN(N=Cc2ccco2)C(=O)N1,1,4
38,O=C1COC(CC2CCCC3C=CCCC32)C12CO2,1,4
39,c1ccc(C[NH2+]CCOCCOc2ccccc2)cc1,2,1
40,N=C(C(=O)NC1C(=O)N2C=CCSC12)c1ccco1,2,5
41,O=C1NCCN(C(=O)NC(C(=O)NC2C(=O)N3CCSC23)c2ccccc2)C1=O,1,1
42,c1ccc(CCCNCc2cccc3ccccc23)cc1,1,1
43,O=C(CCCNC(=O)C(NC(=O)c1ccncn1)C(OC1OCCCC1OC1CCCCO1)c1c[nH]cn1)NCC(=O)NCCc1nc(-c2nccs2)cs1,1,3
44,c1ccoc1,3,3
45,O=c1ccn2c3c(c(N4CCNCC4)ccc13)OCN2,1,3
46,O=C1CCCNC(=O)CNC(=O)CNC(=O)CNC(=O)CNC(=O)CNC(=O)CN1,2,4
47,O=c1ccn2c3c(c(C4CC4)ccc13)OCC2,1,4
48,O=C1CCOC2OC3CCCCC3OC12,1,5
49,O=c1cc[nH]c2cc3c(cc12)OCO3,1,4
50,O=C(Cc1ccccc1)NC1C(=O)N2C=C(CSc3nnn[nH]3)COC12,1,5
51,O=c1ccn2c3c(c(N4CCCCC4)ccc13)CCC2,1,5
52,C=C(C(=O)NC1C(=O)N2C=CCSC12)c1cscn1,2,1
53,O=C1c2ccccc2CC1CC1CCN(Cc2ccccc2)CC1,1,1
54,O=c1cc[nH]c2nc(N3CCNCC3)ccc12,1,3
55,O=C(Cc1ccccc1)NC1C(=O)N2C=CCSC12,4,2
56,O=c1[nH]c(=O)c2[nH]cnc2[nH]1.c1ccc(Cc2ccccc2)cc1,1,2
57,N=C(C(=O)NC1C(=O)N2C=C(C=Cc3cncs3)CSC12)c1cscn1,1,3
58,O=C1CC2(CCCC2)CC(=O)N1CCCCN1CCN(c2ncccn2)CC1,1,1
59,N=C(C(=O)NC1C(=O)N2C=C(CSc3nc(=O)cn[nH]3)CSC12)c1cscn1,1,5
60,N=C(C(=O)NC1CNC1=O)c1cscn1,1,5
61,O=C1CC(=O)OCC2OC(=O)N(CCCCn3cnc(-c4cccnc4)c3)C2CC(=O)CCCC(OC2CCCCO2)C1,1,1
62,O=C1C=CC=CCCCCCCCCC=COC2Oc3ccc4cc(c5c(nc6ccccn65)c4c3C2=O)N1,1,5
63,O=c1ncncn1C1CCCO1,1,4
64,O=c1cc[nH]c2nc(N3CCNCC3)ncc12,1,3
65,O=C1C=CC(=O)C2=C1CC1C3NC3CN21,1,1
66,c1ccc([S][Zn][S]c2cccc[nH+]2)[nH+]c1,1,1
67,N=C(C(=O)NC1C(=O)N2C=C(C[n+]3ccccc3)CSC12)c1cscn1,1,2
68,O=C(Cc1ccccc1)NC1C(=O)N2CCSC12,5,5
69,O=C1OC(C2NCCc3cc4c(cc32)OCO4)c2ccccc21,2,3
70,O=C1CC2CC(SC3CCNC3)=CN12,1,1
71,O=C1C2=CC3C(=O)C=CCC3CC2Cc2ccccc21,7,3
72,O=c1cccc(C2CCCCC2)[nH]1,1,5
73,O=c1cn[nH]c2cc3c(cc12)OCO3,1,5
74,c1ccc2ncccc2c1,17,5
75,C=C1c2ccccc2C(=O)C2=CC3C(=O)C=CCC3CC12,1,1
76,c1ccc(Cc2ccccc2)cc1,13,4
77,C1CCC(OC2OCCC2OC2CCCCO2)CC1,2,1
78,c1cc[nH+]cc1,7,5
79,O=C1C=CC=CCCCCCCCCC=COC2Oc3ccc4cc(c(C=NN5CCN(C6CCCC6)CC5)cc4c3C2=O)N1,1,3
80,O=C1C=CC=CCCCCCCCCC=COC2Oc3ccc4cc(c(C=NN5CCNCC5)cc4c3C2=O)N1,1,3
81,O=c1ccn(-c2ccccc2)c2nc(N3CCCC3)ccc12.c1ccccc1,1,3
82,c1ccc(Sc2ccccc2)cc1,2,4
83,O=C1CC(CCC2CCCCC2=O)CC(=O)N1,1,3
84,c1ccc(C2CCCc3ccccc32)cc1,1,3
85,O=C(NC1C(=O)N2CCSC12)C(NC(=O)N1CCNC1=O)c1ccccc1,1,3
86,c1ccc2c(c1)N=C(N1CCNCC1)c1ccccc1S2,1,1
87,c1ccc2c(c1)Cc1cccnc1O2,1,3
88,c1ccc2c(CC3CCCCN3)ccnc2c1,1,5
89,O=C1CC2CC(SC3Cn4cnc[n+]4C3)=CN12,1,1
90,O=C1CC2N1CCS2(=O)=O,1,1
91,C1CNCNC1,1,3
92,O=C1CCCC(OC2CCC(OC3CCCCO3)CO2)CCCCC=CC=CCCO1,1,5
93,c1c[nH]cn1,12,5
94,O=C1CCCCOC(=O)CC(OC2CCCCO2)CC(OC2CCCCO2)CCC1,5,5
95,O=C1CC(OC2CCCCO2)CC(OC2CCCCO2)CCCC2CC(CCO1)OCN2,1,1
96,C1CC2CCOC3OC4CCC(C1)C23OO4,4,1
97,O=c1cc[nH]c(=O)[nH]1,4,2
98,C1CCC(C(CC2CCCCN2)C2CCCCC2)CC1,1,1
99,O=C(Nc1nccs1)c1ccccc1,1,3
100,C1COCC(CC2CO2)C1,1,1
101,O=C(Oc1cccc2cccnc12)c1ccccc1,2,2
102,c1ccc(OCCNCCCOc2cccc3[nH]c4ccccc4c23)cc1,2,2
103,O=C(Nc1ccccc1)c1ccccc1,7,5
104,c1ncc2ncn(C3CCCO3)c2n1,4,5
105,c1ccc(Cn2cnc3ccccc32)cc1,1,4
106,O=C1CC2CCCC3CCC4OOC32C(O1)O4,1,3
107,c1ccc2[nH+]cc[nH+]c2c1,1,1
108,O=C1OC(CN2CCOCC2)CN1N=Cc1ccco1,1,2
109,c1ccc2nc3ccccc3cc2c1.c1ccccc1,1,3
110,O=C(COc1ccccc1)NC1C(=O)N2CCSC12,1,3
111,O=c1[nH]cnc2c1ncn2C1CCCO1,2,3
112,N=C(NN=Cc1ccccc1)NN=Cc1ccccc1,1,5
113,N=C1CCCCOC(=O)CC(OC2CCCCO2)CC(OC2CCCCO2)CCC1,1,4
114,c1ccc2c(c1)ccc[n+]2CCCCCCCCCC[n+]1cccc2ccccc21,1,1
115,O=C(Cc1cccs1)NC1C(=O)N2C=C(C[n+]3ccccc3)CSC12,1,1
116,c1cc2c(c[nH+]c3c4cc5c(cc4ccc23)OCO5)c2c1OCO2,1,5
117,C(=C(c1ccccc1)c1ccccc1)c1ccccc1,3,5
118,c1ccc2c(c1)CC(N1CCNCC1)c1ccccc1S2,1,5
119,O=C(Nc1ccc(Cc2ccccc2)cc1)c1ccccc1,1,4
120,c1ncn(C2CCCO2)n1,1,5
121,O=C(OCC1OC(OC(=O)c2cccc(OC(=O)c3ccccc3)c2)C(OC(=O)c2cccc(OC(=O)c3ccccc3)c2)C(OC(=O)c2cccc(OC(=O)c3ccccc3)c2)C1OC(=O)c1cccc(OC(=O)c2ccccc2)c1)c1cccc(OC(=O)c2ccccc2)c1,1,1
122,O=C1[O][Sb]2[O]CC3[O][Sb]([O]CC1[O]2)[O]C3=O,1,4
123,c1ccc2[nH+]c3ccccc3cc2c1,1,3
124,C(=Cc1ccccc1)c1ccccc1,4,4
125,C1CCOCC1,7,3
126,c1ccc(CCCOc2cccc3ccccc23)cc1,1,3
127,O=C1Oc2ccccc2Oc2ccccc21,5,3
128,c1ccc2nc3occc3cc2c1,2,1
129,O=c1[nH]c2ccccc2o1,1,2
130,O=C1OCCN1c1ccc(N2CCOCC2)cc1,1,3
131,O=C(Nc1cc2ccc(OC3CCCCO3)cc2oc1=O)c1ccccc1,1,3
132,c1ccc2c(c1)Nc1ccccc1S2,8,3
133,c1ccc(CCc2ccccc2)cc1,1,4
134,c1ccc2c(c1)CC1COc3ccccc3C21,2,1
135,O=C(CCc1ccccc1)NC1COC(n2cnc3cncnc32)C1,1,5
136,c1ccc(-c2ccccc2)cc1,4,1
137,C=C1CCC2CCCCC2C1,1,4
138,O=C(CCc1ccccc1)OC1C=C2CC(=O)C3CCC4OCC4C3C(OC(=O)c3ccccc3)C(C2)C1,2,3
139,C=C1c2ccccc2Sc2ccccc21,1,5
140,O=C(CCCC1CCCCO1)CC1CCCC2(C=CCC3(CCC(C4CCCCO4)O3)O2)O1,1,1
141,c1ccc(-c2cncnn2)cc1,1,3
142,C1=C2C3CCCCC3CCC2C2CCC3CCCCC3C2C1,7,1
143,c1ccc(COC(Cn2ccnc2)c2ccccc2)cc1,3,4
144,C1=C2C3CCCCC3CCC2C2CCC3CC(OC4OCC(OC5CCCCO5)CC4OC4CCCCO4)CCC3C2C1,1,5
145,C(=Cc1ccc2ccccc2n1)c1cccc(C(CCc2ccccc2)SCC2CC2)c1,1,4
146,O=C1CC23OC4OC5(CCC2C(c2ccoc2)O1)C1CC2CC1C(CC35O4)C2OC(=O)C1CO1,2,4
147,O=C(c1ccccc1)c1ccccc1,10,3
148,c1ccc2ocnc2c1,1,1
149,O=C1CC2CCC=C3C(=O)C=CC3C2O1,1,5
150,O=C(CNC(=O)CNC(=O)CNC(=O)C1CSC=N1)NCCCCC1NC(=O)CNC(=O)CNC(=O)C(Cc2c[nH]cn2)NC(=O)C(Cc2ccccc2)NC(=O)CNC(=O)CNC1=O,1,5
151,O=C1CNC(=O)C2CCCN2C(=O)CNC(=O)C(COC(=O)c2cc(=O)cc3oc4cccc(C(=O)OCC5NC(=O)CNC(=O)CNC(=O)C6CCCN6C(=O)CNC5=O)c4nc2-3)NC(=O)CN1,1,1
152,C1=CC2CCCCC2CC1,1,4
153,C=C(c1ccccc1)c1ccc2c(c1)CCCC2,1,5
154,O=C1C=CC(=O)c2ccccc21,9,3
155,c1ccc(Cc2nccc3ccccc23)cc1,2,4
156,c1ccc(CNc2ccccn2)cc1,4,5
157,c1ccc2ccccc2c1,9,1
158,C1=CC(c2ccccc2)C=CN1,6,3
159,O=C1OC2CC(CC=CC(OC3CCC(OC4CCCCO4)CO3)CC=CC=C3COC4CC=CC1C34)OC1(C=CCCO1)C2,3,2
160,O=c1cc(-c2ccccc2)oc2ccccc12,50,4
161,C1=CCCCC1,11,4
162,O=C(Oc1ccccc1)c1ccccc1,10,1
163,c1ccc2c(c1)CCC1C2CCC2CCCC21,7,3
164,C1CCC(OC2CCCCC2OC2CCCO2)OC1,1,1
165,c1ccc(-c2cncnc2)cc1,1,4
166,c1ccc(Cc2ccccn2)cc1,6,4
167,c1ccc2c(c1)N=C(N1CCNCC1)c1ccccc1O2,2,4
168,O=C1c2ccc3occc3c2OC2COc3ccccc3C12,1,4
169,O=C(OCOC(=O)c1cccc2ncn(Cc3ccc(-c4ccccc4-c4nnn[nH]4)cc3)c12)OC1CCCCC1,1,3
170,c1ccc(CCn2ccnc2)cc1,1,4
171,O=C(CSc1ccncc1)NC1C(=O)N2C=CCSC12,1,5
172,O=C(CNC(=O)NCc1cscn1)NC(CCC(Cc1ccccc1)NC(=O)OCc1cncs1)Cc1ccccc1,1,4
173,O=C(NCC1CCCN1)c1ccccc1,2,4
174,O=C1C=CC2C(CCC3C2CCC2C(c4ccoc4)OC(=O)C4OC423)C1,1,4
175,c1ccc(N2CCN(CCCOc3cccc4ccccc34)CC2)cc1,1,4
176,O=C(OC1Cc2ccccc2OC1c1ccccc1)c1ccccc1,2,5
177,O=C(C=Cc1ccccc1)c1ccccc1,9,3
178,O=c1ccc2cc3ccoc3cc2o1,4,5
179,c1ccc(-c2cnc3ncncc3n2)cc1,1,4
180,O=c1c2ccccc2oc2ccccc12,4,4
181,O=c1ccn(C2C=CCO2)c(=O)[nH]1,1,5
182,O=c1cnn(-c2ccc(Cc3ccccc3)cc2)c(=O)[nH]1,1,5
183,O=C(NCC1CCCCO1)C1CCCN1,3,4
184,c1ccc(-c2ccnn2-c2ccccc2)cc1,3,5
185,O=C1CC(c2ccccc2)Oc2ccccc21,3,3
186,O=C(OCc1ccccc1)c1cccnc1,1,4
187,O=C(OCCNCCc1ccccc1)c1ccccc1,1,4
188,C=C1CCCC1n1cnc2c(=O)[nH]cnc21,1,2
189,O=C1CCCC(OC2CCC(OC3CCCCO3)CO2)CCCC(OC2CCCCO2)C=CC=CCCO1,1,5
190,c1ccc(Oc2ccc3nc[nH]c3c2)cc1,1,1
191,C=C1c2ccccc2C=Cc2ccccc21,1,4
192,O=c1c(-c2ccc3c(c2)C=CCO3)coc2cc3c(cc12)CCCO3,1,5
193,C1CCC2C(C1)CCC1C3CCCC3CCC21,13,4
194,S=c1[nH]cnc2nc[nH]c12,2,5
195,O=C(Nc1ccc(C(=O)N2CCCCc3ccccc32)cc1)c1ccccc1,1,3
196,O=S(=O)(Nc1ncccn1)c1ccccc1,4,4
197,O=C1CCO1,2,5
198,C1CCC2C(C1)CCC1C2CCC2C3CCCC3CCC21,4,1
199,c1ccc(-c2nccs2)cc1,1,5
200,c1ccc2c(c1)[nH]c1cnccc12,4,5
201,O=C1C=CC2C(=C1)CCC1C3CCCC3CCC21,23,3
202,N=C1NC(=O)N2CC12,1,1
203,c1ccc(CNC2CCCCC2)cc1,2,1
204,C1=CCCC1,1,1
205,c1ccc2[nH]cnc2c1,5,2
206,c1ccc(-c2cn3ccccc3n2)cc1,1,5
207,c1ccc2c(c1)NC1NCCC21,3,3
208,O=C1c2ccccc2OCC1Cc1ccccc1,3,4
209,O=c1oc2cccc3c(=O)oc4cccc1c4c23,1,2
210,O=C1C=COC(=O)C1,1,1
211,c1ccc(-c2cc3ccccc3n2Cc2ccc(OCCN3CCCCCC3)cc2)cc1,1,5
212,O=c1[nH]c(=O)[nH]c(=O)[nH]1,1,4
213,O=C(Cc1ccccc1)NCc1ccccc1N1CCCCC1,1,3
214,O=C1CC2C3CCCC3CCC2C2CCCCC12,1,5
215,c1ccc2c(c1)Sc1ccccc1N2CCCN1CCNCC1,5,3
216,c1ccc(C2CCNCC2COc2ccc3c(c2)OCO3)cc1,1,4
217,c1cc2cc(c1)Oc1ccc(cc1)CC1NCCc3cc4c(c(c31)Oc1ccc3c(c1)C(C2)NCC3)OCO4,1,1
218,N=C1C=CC2C(=O)OC3CC(CC=CC(OC4CCCCO4)CC=CC=C4COC1C42)OC1(CCCC(C2CCCCC2)O1)C3,1,3
219,O=C1CCCOC(=O)C(NC(=O)c2ccccc2)CO1,1,4
220,O=C1CN=C(c2ccccc2)c2ccccc2N1,1,5
221,O=c1c(-c2ccc3c(c2)OCO3)coc2c3c(ccc12)OCC=C3,1,4
222,c1ccc(Nc2ccnc3ccccc23)cc1,2,1
223,C1OC2COC3OCOC3C2O1,1,1
224,O=c1ccoc2ccccc12,4,4
225,O=c1c(-c2ccccc2)coc2c(C3CCCCO3)cccc12,1,4
226,O=C(CNCCCc1ccccc1)N1CCc2ccccc2C1,3,3
227,O=c1c(-c2ccccc2)coc2ccccc12,16,1
228,O=C1C=CC2CC2C1,1,3
229,c1ccc2c(c1)CCc1cccnc1C2=C1CCNCC1,3,4
230,c1ccc2c(c1)OCO2,7,3
231,O=C1CC(=O)NC=N1,2,1
232,O=S(=O)(Nc1ccnn1-c1ccccc1)c1ccccc1,1,4
233,O=C(Cc1ccccc1)c1ccccc1,2,1
234,O=c1cnc2nc[nH]c(=O)c2[nH]1,1,5
235,c1ncc2nc[nH]c2n1,5,1
236,c1ccc2c(c1)CCC1CCCCC21,4,2
237,O=c1ccc2c(-c3ccccc3)c3ccccc3oc-2c1,2,5
238,C1CCOCC1.C1CCOCC1,1,2
239,O=C1CCC2C(CCC3C4CCC(=O)C4CCC23)C1,1,4
240,c1ccc(C2CCCC2)cc1,2,5
241,c1cncc(-c2ccc(C3CCCCN3)cn2)c1,1,5
242,O=C1C=CC=CC(COC2CCCCO2)COC(=O)CCCC(OC2CCCCO2)C(CCN2CCCCC2)CC1,1,4
243,C1=CC2OC23CCC2C4CCCC4CCC2C3C1,1,4
244,C1=C2CCCCC2C2CCC3CCCC3C2C1,8,3
245,O=C1CC(=O)N(c2ccccc2)N1c1ccccc1,2,1
246,O=S(=O)(Nc1ccno1)c1ccccc1,2,4
247,O=C1CCC2C1CCC1C3CCCCC3=CCC21,2,3
248,O=S(c1ccccc1)c1ccc2nc[nH]c2c1,1,4
249,C1CCC(OC2CCC34CC35CCC3C6CCC7(OCC8OC87)OC6CC3C5CCC4C2)OC1,1,5
250,O=C1C=CC2=COCCC2=C1,1,1
251,O=C(CCCc1ccccc1)N1CCn2cnnc2C1,1,4
252,O=C1OCC2Cc3cc4c(cc3C(c3ccccc3)C12)OCO4,1,4
253,C1CCCCC1,13,1
254,O=C1CC2C(CCC3CCCCC32)O1,1,5
255,c1ccc2c(c1)C1CCC2c2ccccc21,1,1
256,O=C1OC2CC(CC=CC(OC3CCC(OC4CCCCO4)CO3)CC=CC=C3COC4CC=CC1C34)OC1(CCCCO1)C2,1,4
257,O=C(c1ccccc1)C1CCN(CCc2cnc3ccccn3c2=O)CC1,1,1
258,O=S(=O)(Nc1ccncn1)c1ccccc1,4,3
259,c1ccc(-n2cccn2)cc1,1,5
260,c1ccc2c(c1)CCc1ccccc1N2,4,1
261,c1ccc2c(CCCCN3CCN(c4ccc5occc5c4)CC3)c[nH]c2c1,1,4
262,c1ccc2c(c1)Cc1ccccc1Cc1ccccc1C2,1,4
263,C=C1C(=O)OC(c2ccoc2)C2CCC34OC5OC67CC(CC6CC3(O5)C12)CC74,2,5
264,O=C1C=CC2C(=C1)CCC1C2CCC2C(OC(=O)c3ccco3)CCC21,1,3
265,C(CN1CCCC1)=C(c1ccccc1)c1ccccn1,1,1
266,O=C(CNCC(=O)NCCc1ccccc1)NCCc1ccccc1,1,2
267,O=C1c2ccccc2C(C2CCCCO2)c2ccccc21,1,4
268,O=C1C=CCC1,1,3
269,O=C1C=C2CCC3C4CCCC4CCC3C2CC1,21,1
270,c1ccc2[nH]ccc2c1,11,2
271,c1ccc(Sc2ccc3nc[nH]c3c2)cc1,1,4
272,O=C1C(CCCc2ccccc2)C(c2ccccc2)N1c1ccccc1,1,1
273,c1ccc(CCCNCCCc2ccccc2)cc1,1,5
274,O=C(CCN1CCCCC1)c1ccccc1,2,4
275,O=C1c2ccccc2Cc2ccccc21,2,5
276,O=C1C=CCO1,2,3
277,c1ccc2c(c1)CC(C1=NCCN1)O2,1,5
278,O=C(OCc1cccc(Oc2ccccc2)c1)C1CC1,3,4
279,c1ccc(CCC(Cn2ccnc2)Sc2ccccc2)cc1,1,5
280,c1ccc(CC2CCCCC2)cc1,5,4
281,O=c1c(-c2ccccc2)coc2c3c(ccc12)OCC=C3,2,2
282,O=c1[nH]c(=O)c2[nH]cnc2[nH]1,10,1
283,O=c1ccc2ccc3occc3c2o1,3,5
284,O=c1ccc2ccccc2o1,12,1
285,c1ccc2c(c1)CC[n+]1cc3ccccc3cc1-2,1,4
286,c1ccc(Nc2ccccc2)cc1,7,3
287,O=C1CC(=O)NC(=O)N1,1,1
288,c1ccc(CCCCN2CCC(C(c3ccccc3)c3ccccc3)CC2)cc1,2,5
289,c1ccc2c3c([nH]c2c1)C1CC2CCCCC2CN1CC3,3,5
290,c1ccc(C(c2ccccc2)n2cncn2)cc1,1,3
291,C1=Cc2ccc3ccccc3c2OC1,1,2
292,c1ccncc1,19,5
293,N=C1CCOC2(C1)CC1CC(CC=CCCC=CC=C3COC4CC=CC(C(=O)O1)C34)O2,1,1
294,C1CCC(OC2CCCCO2)CC1,1,5
295,c1ccc2c(c1)OC1c3ccccc3OCC21,1,5
296,O=C1C=CC2C(=C1)CCC1C2CCC2C1CC1OC3(CCCC3)OC12,1,5
297,C1=CC2=CCCCC2CC1,1,5
298,O=C1CCC2C(CCC3C4CCCC4CCC23)C1,1,3
299,O=c1cc(-c2ccccc2)oc2c(OC3CCCCO3)cccc12,1,1
300,O=C1C=C2C3CCCCC3CCC2C2CCC3CCCCC3C12,2,3
301,O=C(NC1CCCCC1)NS(=O)(=O)c1ccc(CCNC(=O)c2ccccc2)cc1,1,4
302,c1ncnc(NC2CC2)n1,1,1
303,O=C(C1CCCO1)N1CCN(c2ncc3ccccc3n2)CC1,1,1
304,O=C(CCc1c[nH]c2ccccc12)NCC(=O)NC(Cc1c[nH]c2ccccc12)C(=O)NCC(=O)NC(Cc1c[nH]c2ccccc12)C(=O)NCC(=O)NCCc1c[nH]c2ccccc12,1,4
305,O=C1NCNC(=O)C1c1ccccc1,1,3
306,O=C(OC1CCC2C(CCC3C4CCC5CCCCC5C4=CCC23)C1)c1ccccc1,1,5
307,c1ccc(OCCCCCOc2ccccc2)cc1,1,4
308,O=C1OC(c2ccccc2)(c2ccccc2)c2ccccc21,1,3
309,N=c1cc2n(-c3ccccc3)c3ccccc3nc-2cc1Nc1ccccc1,1,1
310,O=C(CCc1c[nH]c2ccccc12)NCC(=O)NCC(=O)NCCc1ccccc1,1,4
311,C(=Cc1ccccc1)CNCc1cccc2ccccc12,1,1
312,O=S(=O)(Nc1nncs1)c1ccccc1,1,5
313,O=c1ccccc2ccccc12,1,3
314,O=c1c2ccccc2oc2ncccc12,1,3
315,O=c1ncccn1C1CCCO1,6,5
316,O=C(CCCN1CCC(OC(c2ccccc2)c2ccccc2)CC1)c1ccccc1,1,1
317,O=C(Nc1ccccc1)Nc1ccccc1,1,4
318,O=C1C=COS(=O)(=O)[N-]1,1,5
319,O=[PH]1NCCCO1,2,4
320,C1=C2c3cccc4[nH]cc(c34)CC2NCC1,2,2
321,c1ccc(Cc2cccc(C3CCCCO3)c2)cc1,1,4
322,O=C1OC2CC(CC=CC(OC3CCC(OC4CCCCO4)CO3)CC=CC=C3COC4CC=CC1C34)OC1(C=CCC(C3CCCCC3)O1)C2,1,4
323,c1ccc(-c2ccc(Cn3cnc4ccc(-c5nc6ccccc6[nH]5)cc43)cc2)cc1,1,3
324,c1csc(COc2cccc3ccccc23)c1,1,1
325,O=C(C=Cc1ccccc1)Nc1ccccc1,1,4
326,O=C1CCCCO1,2,1
327,C1CC2CCC1C2,3,1
328,O=C(C=Cc1ccccc1)N1CCCCCCC1,1,2
329,C1CC1,2,4
330,O=C1OCc2ccccc21,2,1
331,c1ccc2nc3c(cc2c1)CCCC3,1,2
332,C=C1CN2C(=O)CC2O1,1,5
333,c1ccc2c(CC3CC4CCN3CC4)ccnc2c1,6,3
334,O=C1CC2C3CCCCC3CCC2C2CC3OC4(CCCCO4)CC3C12,2,2
335,c1ccc(C2CCN(CCCC(c3ccccc3)c3ccccc3)CC2)cc1,1,4
336,C1CCC(OC2CCC34CC35CCC3C(C6CCCO6)CCC3C5CC(OC3CCCCO3)C4C2)OC1,1,4
337,O=C(c1ccccc1)c1ccc2n1CCC2,1,4
338,O=C1COC(=O)N1,3,1
339,c1ccc(-c2[nH+]c3ccccc3c3ccccc23)cc1,1,5
340,O=C(NC1CCc2ccccc21)C(CCCN1CCN(Cc2cccnc2)CC1)Cc1ccccc1,1,4
341,O=c1c2ccccc2c(Cc2ccccc2)nn1C1CCCNCC1,1,5
342,C1CCC(OC2COC(OC3CCCCC3OC3CCCCO3)C2)OC1,2,4
343,N=C1C=C2CCC3C4CCCC4CCC3C2CC1,1,2
344,O=c1cc(-c2ccccc2)oc2c1ccc1ccoc12,1,3
345,c1ccc(CCCCNCc2ccc(-c3ccccn3)cc2)cc1,1,1
346,O=C(c1cccnc1)N1CCOCC1,1,5
347,c1cc[n+](Cc2cncnc2)cc1,1,1
348,c1ccc(C(Cn2ccnc2)OCc2ccsc2)cc1,1,1
349,O=C1CN2Cc3ccccc3N=C2N1,1,4
350,C1CCC2C3=C(CCC2C1)C1CCCC1CC3,2,3
351,O=C(c1ccccc1)n1ccc2ccccc21,2,4
352,C1CC2OCOC2O1,1,5
353,O=C(c1ccccc1)c1coc2ccccc12,3,1
354,c1ccc(Cn2c(CN3CCCC3)nc3ccccc32)cc1,1,4
355,C=C1CCC(=O)CCCC2CCC12,1,4
356,O=C1NC(=O)C(Cc2ccc(OCCNc3ccccn3)cc2)S1,1,4
357,C1=NCCc2c1[nH]c1ccccc21,2,3
358,O=C1NC2N=C(N3CCCCC3)NC2C(=O)N1Cc1ncc2ccccc2n1,1,1
359,O=C(OC1CCCC(COC2CCC(OC3CCCCO3)CO2)O1)C12CCCCC1C1=CCC3C4CCCCC4CCC3C1CC2,1,3
360,c1cscn1,4,2
361,O=C1c2ccccc2C(=O)c2ccccc21,8,1
362,C1CCC2(CC3C(CC4C3CCC3C5CCCCC5CCC34)O2)OC1,2,3
363,O=C(Cc1ccccc1)OC1CC2CCC(C1)[NH2+]2,4,5
364,O=C1C=CC2(CC1)Oc1ccccc1C2=O,2,3
365,O=C1CCOC2CCC3CCCCC3C12,2,5
366,O=C1OC23C(CCC14CCCCC42)C1CCC2CCCCC2C1C1OC13,1,1
367,O=C1OC2CC1C1CC3OC34C(=O)OC2C14,2,1
368,C1=CC2CCC3C4CCCCC4CCC3C2C1,1,3
369,O=C(c1ccccc1)C1CCN(CCn2c(=O)[nH]c3ccccc3c2=O)CC1,1,4
370,O=C(CCCN1CCC(c2ccccc2)CC1)c1ccccc1,2,5
371,O=S1(=O)OC(c2ccccc2)(c2ccccc2)c2ccccc21,1,1
372,O=C(CCC=CCc1ccc2c(c1)C(=O)OC2)OCCN1CCOCC1,1,4
373,O=C1OC(=O)C2C3CCC(O3)C12,1,3
374,O=C1CC=NN1c1ccccc1,1,4
375,O=C(CCc1ccccc1)c1ccccc1,2,5
376,O=C1CC2OCC3CC(=O)C4C(CCC5C(c6ccoc6)OC(=O)C6OC654)C32CO1,1,4
377,c1ccc2c(c1)N=C(N1CCNCC1)c1ccsc1N2,1,1
378,C1CCC(COC2CCCCO2)OC1,1,5
379,C1=CC(c2ccccc2)C=CN1.c1ccccc1,1,5
380,c1ccc(C[NH2+]CCOc2ccccc2)cc1.c1ccc2ccccc2c1,1,1
381,O=C1CCCCC1,1,2
382,c1ccc(Nc2ncnc3ccc(OCCCN4CCOCC4)cc23)cc1,1,1
383,c1ccc2c(c1)OCc1c-2oc2ccccc12,1,3
384,c1ccc(Cn2c3c(c4ccccc42)CNCC3)cc1,1,4
385,O=C1NC(=O)C(c2ccccc2)N1,1,3
386,c1ccc(C(CCN2CCCC2)C2CCCCC2)cc1,1,4
387,C(=Cc1cccc(OC2CCCCO2)c1)c1ccccc1,1,3
388,O=C(OCc1ccccc1)c1ccccc1,1,3
389,c1ccc2oncc2c1,1,2
390,C1=CC2CCC3Nc4ccc(C5CC6CCCN(CCc7c5[nH]c5ccccc75)C6)cc4C34CCN(C1)C24,2,5
391,C=C1CCCCC1=CC=C1CCCC2CCCC12,2,2
392,O=c1cc(NCCCN2CCN(c3ccccc3)CC2)[nH]c(=O)[nH]1,1,1
393,O=C1CC=CCCCCC2CCCC(O2)C(=O)C(=O)N2CCCCC2C(=O)OC(C=CC2CCCCC2)CCC1,1,5
394,O=C(OC1CC[NH2+]C1)C(c1ccccc1)C1CCCC1,1,4
395,C1=C2CCCCC2C2CCC3C4CC5(CCCCO5)OC4CC3C2C1,1,3
396,c1ccc(C(OCCN2CCCCC2)c2ccccc2)cc1,1,1
397,c1ccc2occc2c1,1,4
398,O=C1C=C2CCC3C(=C2CC1)C(c1ccccc1)CC1CCCC13,1,1
399,c1nc2c(s1)CCCC2,1,5
400,c1ccc2[s+]c3ccccc3nc2c1,2,5
401,O=C(Nc1ccccc1)OCC(CN1CCCCC1)OC(=O)Nc1ccccc1,1,5
402,O=c1nccc[nH]1,1,5
403,C1=CC23CCNCc4cccc(c42)OC3CC1,1,5
404,O=C(OC1Cc2ccccc2OC1c1ccc(=O)c2cccc(C3CCc4ccccc4O3)c2c1)c1ccccc1,1,5
405,c1ccc2c(c1)OCC(C1=NCCN1)O2,1,3
406,c1ccc(OC2CCCCC2)cc1,1,3
407,c1ccc(COc2ccc(Nc3ncnc4ccc(-c5ccco5)cc34)cc2)cc1,1,1
408,O=C1C=CC2CCC3CC(=O)OC3C2=C1,1,1
409,c1c[n+](N2CCOCC2)no1,1,1
410,O=C(Nc1ccccn1)C1=Cc2ccccc2S(=O)(=O)N1,2,5
411,O=c1oc2ccccc2s1,1,3
412,c1ccc2c(CCCC3CCCO3)cccc2c1,1,1
413,O=C(OOC(=O)c1ccccc1)c1ccccc1,1,5
414,O=c1[nH]c2ccccc2n1C1CCN(CCCC(c2ccccc2)c2ccccc2)CC1,1,4
415,O=c1oc2ccccc2cc1Cc1cc2ccccc2oc1=O,1,4
416,C(=Cc1ccccc1)CN1CCN(C(c2ccccc2)c2ccccc2)CC1,1,4
417,O=C1c2ccccc2C(=O)C1c1ccccc1,4,5
418,O=C1CC(c2ccc3c(c2)OC(c2ccccc2)CO3)Oc2ccccc21,1,3
419,c1cc2cc(c1)Oc1ccc(cc1)CC1NCCc3ccc(cc31)Oc1cccc3c1C(C2)NCC3,2,1
420,C1CSCN1,1,3
421,O=C1C=CC(=O)C=C1,4,3
422,O=C(OCC1CNC2Cc3c[nH]c4cccc(c34)C2C1)c1cccnc1,1,3
423,O=c1oc2ccccc2cc1-c1ccc2c(c1)OCO2,1,5
424,O=C(Cc1ccccc1)OC1CC2NC(C1)C1OC21,1,1
425,C1=CC2C(O1)OC1CC2C2OC12C1CC2OCC3CCCC4(COCC14)C32,1,4
426,O=c1[nH]cnc2[nH]cnc12,4,2
427,c1ccc(-c2ccc(NCCN3CCOCC3)nn2)cc1,1,1
428,c1ccccc1.c1ccncc1,1,3
429,c1ccc2scnc2c1,2,2
430,c1ccc(NCc2cnc3ncncc3n2)cc1,2,3
431,O=C1C=C(C2CCC3C2CCC2C4CCC(OC5CCCCO5)CC4CCC23)CO1,4,3
432,O=C(C=Cc1ccccc1)c1ccc(OC2CCCCO2)cc1,1,1
433,c1ccc(COc2ccccc2)cc1,3,1
434,O=C1CCC2OC2CCC2CCC12,1,2
435,C1=Cc2ccccc2OC1,1,4
436,O=c1[nH]ncn1-c1ccc(N2CCN(c3ccc(OCC4COC(Cn5cncn5)(c5ccccc5)C4)cc3)CC2)cc1,1,2
437,O=C1OCC2=C1CCC1C2CC2OC23CC2OC2C2OC123,1,5
438,O=C1Oc2ccc3c(c2Oc2ccccc21)COC3=O,1,5
439,O=c1ncccn1C1CSCO1,2,3
440,C1CCC2NCCC2C1,2,1
441,C=C1C2C=CCC1c1ccc(=O)[nH]c1C2,1,5
442,C1CCC(OC2CC3OC4(CCCCO4)OC3CO2)CC1,1,5
443,S=C1SCN(Cc2ccccc2)CN1Cc1ccccc1,1,5
444,O=C(OCCCCNCCc1ccccc1)c1ccccc1,1,4
445,O=C1OC(=Cc2ccccc2)C=C1c1ccccc1,1,5
446,O=C1NC(Cc2ccc3[nH]ccc3c2)CO1,1,3
447,S=P(N1CC1)(N1CC1)N1CC1,1,1
448,c1cc(NC2=NCCN2)c2nsnc2c1,1,3
449,O=C1C=C2C=CC3C4CCCC4CCC3C2CC1,3,5
450,c1ccc(Cn2ccnc2)cc1,3,1
451,c1ccc(-c2ccc(C(c3ccccc3)n3ccnc3)cc2)cc1,1,5
452,C=C(C(=C)c1ccccc1)c1ccccc1,1,2
453,O=S(=O)(Nc1cccnn1)c1ccccc1,2,3
454,C1CCC2CCCCC2C1,1,2
455,c1cncnc1,4,4
456,O=C(c1ccccc1)N1CCc2c([nH]c3ccccc23)C1=O,1,5
457,c1ccc(C2(Cn3ccnc3)OCC(COc3ccc(N4CCNCC4)cc3)O2)cc1,1,1
458,C1=C2CCCCC2C2CCC3C(CC4OC43)C2C1,1,4
459,O=C(Nc1ccccc1)c1cnoc1,1,2
460,C1=C2CCCCC2C2CCC3C(c4cccnc4)=CCC3C2C1,1,3
461,C1=C2CCCCC2C2CCC3C4CC5(CCCCN5)OC4CC3C2C1,1,3
462,c1ccc(C2CNCCc3ccccc32)cc1,1,5
463,c1ccc(CCOC2CCCCO2)cc1,1,1
464,O=C1CCCN1,4,5
465,O=C1OC(c2ccoc2)C2CCC3C4CCCCC4CC(=O)C3C23OC13,2,2
466,O=C1NCC2(CCN(CCc3ccccc3)CC2)O1,1,4
467,O=[PH]1OCC2OC(n3cnc4cncnc43)CC2O1,1,3
468,O=C1OC(=O)C2CC3=C(CCCC=C12)C(=O)OC3=O,2,4
469,C1=C2CCC3C4CCCC4CCC3C2CCC1,3,1
470,O=c1c2c(oc3c4c(ccc13)OCC4)COc1ccccc1-2,1,4
471,O=c1c2c(oc3cc4c(cc13)CCO4)COc1ccccc1-2,1,5
472,S=c1[nH]cc[nH]1,2,3
473,O=c1[nH]c(-c2cccc(S(=O)(=O)N3CCNCC3)c2)nc2cn[nH]c12,1,4
474,c1ccc(Sc2ccccc2N2CCNCC2)cc1,1,1
475,C=C1CCC2CCCCC2C1CC=C1CCOC1=O,1,2
476,C1COCCN1,1,3
477,C1CCC2(CC3C(CC4C3CCC3C5CCCCC5CCC34)O2)NC1,1,5
478,c1ccc2c(c1)CC1NCCc3cccc-2c31,3,2
479,O=C1C=C2C(CCC3C2CCC2CCCCC23)C(c2ccoc2)O1,3,1
480,O=S(=O)(Nc1ccccn1)c1ccccc1,1,2
481,C1CNCCN1.O=C1CCC2C1CCC1c3ccccc3CCC12,1,5
482,O=C(NCCc1cc(=O)[nH]c2ccccc12)c1ccccc1,1,3
483,O=C(Nc1ccccc1)c1c[nH]c(-c2ccccc2)c1-c1ccccc1,1,2
484,C1CC2CCC2CCC2OC2C1,1,4
485,c1ccc2c(c1)Sc1ccccc1C2=C1CCNCC1,1,5
486,c1ccc(-c2ncon2)cc1,1,2
487,O=C(OC1C[NH+]2CCC1CC2)C(c1ccccc1)c1ccccc1,1,3
488,c1cn(C2CCCO2)cn1,2,1
489,c1ccc(CN2CCN(C(c3ccccc3)c3ccccc3)CC2)cc1,2,5
490,O=C1C=C2C3CCCCC3CCC2C2CCC3CC(OC4OCCCC4OC4CCCCO4)CCC3C12,1,1
491,O=C1OCC(c2ccccc2)=C1OCC1CC1,1,5
492,O=S1(=O)NCNc2ccccc21,5,4
493,c1ccc(C2OCCNCc3ccccc32)cc1,1,5
494,O=C1C=C(C2CCC3C2CCC2C4CCCCC4CCC23)CO1,3,3
495,c1ccc(Oc2ccc(OCCOc3ccccn3)cc2)cc1,1,3
496,O=S1(=O)CCCc2ccccc21,1,4
497,O=S(=O)(Nc1ccon1)c1ccccc1,1,1
498,C1CCC(C2CCC(C3CCC(C4CCC5(CCCCO5)O4)O3)O2)OC1,1,1
499,O=C(Cc1ccccc1)NCc1ccncc1,1,4
500,O=c1ccccn1-c1ccccc1,1,5
501,O=C(NN=Cc1ccco1)c1ccccc1,2,4
502,O=C1CCCC(CCC2CC=CC3=CCCCC32)O1,3,5
503,N=C1NCC(=O)N1,1,3
504,C=C1CCCC(=O)C2CCC2CC1,1,3
505,c1nsnc1N1CCOCC1,1,3
506,C1=C2CCCCC2C2CCC3CCCC3C2=C1,2,3
507,N=c1[nH]ncs1,1,2
508,C1CCC(C2CCC3CCCCN3C2)NC1,1,1
509,C1CCNC1,2,3
510,c1ccc(NCc2cccs2)nc1,1,1
511,O=C1Cc2cc3n(c(=O)c2CO1)Cc1cc2ccccc2nc1-3,3,4
512,C=C1c2ccccc2CCc2ccccc21,2,1
513,C=C1C(=O)OC2C1CCC=CCCC1OC12,1,1
514,O=c1c(-c2ccc3c(c2)OCO3)coc2c3c(ccc12)OCCC3,2,1
515,O=c1ccc(C2CCC3C2CCC2C4CCC(OC5CCCCO5)C=C4CCC23)co1,1,2
516,O=C(CCC1C(=O)CC2C3=CCC4CC(OC5CCCCO5)CCC45CC35CCC12)C1CO1,1,5
517,O=C1NS(=O)(=O)c2ccccc21,1,4
518,c1ccc(Nc2ccccn2)cc1,3,1
519,O=C1C=C2CCC3C(CCC4C3CC3OCOC34)C2CC1,1,5
520,O=C1CCC2C(CCC3C2CCC2C4CCCCC4CCC23)C1,1,1
521,O=c1ccoc2cc3c(cc12)CC=CCO3,1,5
522,N=C1C=C2CCNC2=CC1=O,1,3
523,c1ccc(CCCCc2ccccc2)cc1,1,1
524,O=C1CCS(=O)(=O)C(c2ccccc2)N1,1,5
525,O=C1C=C2C(CCC3C4CCC(=O)C(CC23)C4=O)C(c2ccoc2)O1,2,5
526,O=C1CC2C(CCC3C4CCCC(CC32)C4=O)C(c2ccoc2)O1,1,1
527,O=C1C=COCC1,1,5
528,O=C1c2c([nH]c3ccccc23)CCC1Cn1ccnc1,1,2
529,c1ccc(-c2ccc(Cc3cccc(C4CCCCO4)c3)s2)cc1,1,1
530,c1ccc(CC2=NCCN2)cc1,3,5
531,O=c1ccocc1,2,4
532,O=C(OC1CCCNC1)C(c1ccccc1)c1ccccc1,1,5
533,C1CCC2C(C1)CCCC21CCCO1,1,3
534,O=c1nc2[nH]c3ccccc3nc-2c(=O)[nH]1,2,3
535,O=C1OC(c2ccoc2)C2CCC3C4CCCCC4CCC3C23OC13,5,1
536,O=c1c(-c2ccccc2)coc2c3c(c4c(c12)OCCC4)OCC=C3,2,1
537,O=C(NC1C(=O)N2CCSC12)c1conc1-c1ccccc1,3,4
538,C1CNCCN1,3,3
539,O=C1CCCS1,2,2
540,c1ccc(C(c2ccccc2)N2CCNCC2)cc1,3,1
541,O=C1C(c2ccoc2)C2CCC3C4CCCCC4CCC3C23OC13,1,3
542,O=C(Nc1ccccn1)C1=Cc2sccc2S(=O)(=O)N1,2,3
543,S=C(Nc1ccccc1)Oc1ccc2ccccc2c1,1,1
544,O=c1cc[nH]cc1,2,3
545,c1ccc(CN2CCc3sccc3C2)cc1,2,3
546,O=C(NC1CCCCC1)NS(=O)(=O)c1ccc(CCNC(=O)N2CC=CC2=O)cc1,1,4
547,c1ccc(Cn2ncc3ccccc32)cc1,2,1
548,O=C(C=CC=Cc1ccccc1)C=Cc1ccccc1,2,5
549,c1ccc(C2OCc3ccccc32)cc1,2,3
550,c1ccc(CSC(Cn2ccnc2)c2ccccc2)cc1,1,1
551,O=C(OC1CCC[NH2+]C1)C(c1ccccc1)c1ccccc1,2,3
552,c1ccc(C2CC(c3cccc4c3OC(c3ccccc3)CC4c3cccc4c3OC(c3ccccc3)CC4)c3ccccc3O2)cc1,1,2
553,c1ccc(-c2ccncn2)cc1,1,4
554,O=C1CC2N1CC(Cn1ccnn1)S2(=O)=O,1,3
555,C(=CC=CC=CC=CC=CC1=CCCCC1)C=CC=CC=CC=CC1=CCCCC1,1,3
556,O=C1NC(c2ccccc2)c2ccccc21,1,5
557,O=C(OC1CCC2CC3c4[nH]c5ccccc5c4CCN3CC2C1)c1ccccc1,1,1
558,C(=Cc1cccs1)C1=NCCCN1,1,5
559,O=C1CNC(=O)N1,1,4
560,c1ccc(-[n+]2ccccn2)cc1,1,1
561,c1ccc(C2CCc3ccccc3O2)cc1,3,3
562,O=C(Nc1ccc(Oc2ccccc2)cc1)c1ccccc1,1,3
563,c1ccc2c(c1)CCNC2,3,5
564,c1ccc(C(CCN2CCCCC2)C2CCCCC2)cc1,1,3
565,C=C1CC2C(CCC3C(=O)CCC32)C2C=CC(=O)C=C12,1,2
566,O=C1CCC2C3=CCc4ccccc4C3CCC12,1,5
567,c1ccc2c(c1)Cc1cccnc1N1CCNCC21,1,3
568,O=C1CCN2CCc3ccccc3C2C1,1,3
569,c1cnc(N2CCN(Cc3ccc4c(c3)OCO4)CC2)nc1,1,4
570,O=C1NC(=O)c2cccc3cccc1c23,2,4
571,O=C1Cc2ccccc2CCN1CCCNCC1Cc2ccccc21,1,4
572,O=C1c2ccccc2OC2COc3ccccc3C12,1,3
573,O=C(NCC1CNC2Cc3c[nH]c4cccc(c34)C2C1)OCc1ccccc1,1,5
574,C=C1CC2CCCC2C2CCC3=CCCCC3C12,1,3
575,c1ccc(CN2CCNCC2)cc1,1,3
576,O=C(CCc1ccccc1)NCC(=O)OCc1ccccc1,1,3
577,c1ccc2nc(N3CCNCC3)ccc2c1,1,3
578,O=C(c1ccccc1-n1nccn1)N1CCCN(c2nc3ccccc3o2)CC1,1,1
579,O=C(Nc1cccc(C(=O)Nc2cccc(C(=O)Nc3cccc4ccccc34)c2)c1)Nc1cccc(C(=O)Nc2cccc(C(=O)Nc3cccc4ccccc34)c2)c1,1,3
580,C(CC[NH+]1CCCC1)CC[NH+]1CCCC1,1,3
581,C=C1NC(=O)CNC(=O)CNC(=O)CCNC(=O)C(C2CCNC=N2)NC1=O,1,5
582,c1ccc(OC2CCCCO2)cc1,3,1
583,O=C(OCCc1ccccc1)c1ccccc1,1,1
584,C1CCCCC1.O=C1[O][Pt][O]C1=O,1,4
585,C1CCNCC1,4,4
586,O=C1CCC2c3ccccc3CCC2C1,1,1
587,O=C1CCCC(=O)OC2CCN3CC=C(CO1)C23,1,5
588,O=S(=O)([N-]c1cnc2ccccc2n1)c1ccccc1,1,4
589,O=C1CCC(C(=O)NC(Cc2c[nH]cn2)C(=O)N2CCCC2)N1,1,5
590,O=C(CC[NH+]1CCc2ccccc2C1Cc1ccccc1)OCCCCCOC(=O)CC[NH+]1CCc2ccccc2C1Cc1ccccc1.c1ccccc1.c1ccccc1,1,5
591,O=C1C=C(C2CCC3C2CCC2C4CCC(OC5CCC(OC6CCC(OC7CCC(OC8CCCCO8)CO7)CO6)CO5)CC4CCC23)CO1,1,4
592,c1cc2cc(c1)Oc1ccc3c(c1)C(Cc1ccc(cc1)Oc1cccc4c1C(C2)[NH2+]CC4)NCC3,1,3
593,O=C1CCC(=O)N1,1,5
594,c1c[nH+]ccn1,1,2
595,C(=Cc1ccc2ccccc2[nH+]1)c1ccn(-c2ccccc2)c1.c1ccc2c(Cc3cccc4ccccc34)cccc2c1,1,3
596,O=C1CC2SCC=CN12,1,4
597,O=c1c2ccccc2oc2ccc(C3CCCCO3)cc12,1,3
598,O=C1c2ccc3c(c2OC2COc4ccccc4C12)CCO3,2,3
599,O=c1nc[nH]c2ncc(CNc3ccccc3)nc12,1,4
600,O=c1cc(CNCCc2ccccc2)[nH]n1-c1ccccc1,1,5
601,c1ccc(Cn2ccnn2)cc1,1,2
602,c1ccc(C(Cn2cncn2)Cn2cncn2)cc1,1,4
603,c1cncc(C2CCCCN2)c1,1,2
604,O=C1OCC2=C1CCC1c3ccccc3CCC21,1,4
605,c1ccc(CON=C(Cn2ccnc2)c2ccccc2)cc1,1,1
606,C1C2CC3CC1CC(C2)C3,3,4
607,c1ccc(N=Nc2ccccc2)cc1,1,4
608,O=c1[nH]c(-c2cccc(S(=O)(=O)N3CCNCC3)c2)nn2cncc12,1,4
609,c1ccc2[nH]c(-c3cscn3)nc2c1,1,1
610,O=C(NN1CCc2ccccc21)c1ccccc1,1,4
611,O=C(OCC1=NCCCN1)C(c1ccccc1)C1CCCCC1,1,1
612,O=c1ccc(-c2ccncc2)c[nH]1,2,3
613,O=C1CCC2C(C1)CC(=O)C1C3CCCC3C(=O)CC21,2,5
614,O=S1(=O)NCCc2ccsc21,1,4
615,O=C1CCCC2C3CCC[NH+]4CCCC(CN12)C34,1,2
616,O=C1NC2CSCC2N1,1,4
617,c1ccc2c(c1)Sc1ccccc1N2CCC1CCCCN1,1,4
618,c1ccc(C2CC2)cc1,3,3
619,c1ccc(NC2=NCCCS2)cc1,1,5
620,C1CCCNCCC1,1,1
621,O=C1CCC(c2cccnc2)N1,1,1
622,O=c1oc2cc3occc3cc2cc1-c1ccc2c(c1)OCO2,1,1
623,O=C1CCc2ccc(cc2)Oc2cc3cc(c2OC2OCCCC2OC2CCCCO2)Oc2ccc(cc2)CC2NC(=O)C(NC(=O)C3NC(=O)CN1)c1cccc(c1)-c1ccccc1CNC2=O,1,4
624,O=C(OC1CCCCC1)c1ccccc1,1,4
625,c1ccc(CN(CCN2CCCC2)c2ccccc2)cc1,1,4
626,c1ccc(C(OCCC2CCCN2)c2ccccc2)cc1,1,1
627,O=C1CC(c2ccccc2)Oc2cc(OC3OCCCC3OC3CCCCO3)ccc21,1,5
628,O=c1[nH]c(=O)n(-c2ccc(Oc3ccccc3)cc2)c(=O)[nH]1,1,3
629,O=C1CC(c2ccccc2)Oc2cc(OC3CCCC(COC4CCCCO4)O3)ccc21,1,3
630,O=C(C[PH](=O)CCCCc1ccccc1)N1CCC(C2CCCCC2)C1,1,3
631,O=C1CCC=CCC(=O)CC(CCC2CCCCC2)OC(=O)C2CCCCN2C(=O)C(=O)C2CCCC(CCC=CC=CC=CCCC1)O2,1,3
632,O=C(Oc1ccccc1)c1ccco1,1,4
633,c1ccc(Cn2cncn2)cc1,1,4
634,c1ccc(CCNCCc2ccccc2)cc1,2,5
635,O=C1CC2CCC1C2,1,1
636,c1ccc(N=Nc2cccnc2)cc1,1,4
637,O=C1CCc2ccc(OCCCCN3CCN(c4ccccc4)CC3)cc2N1,1,5
638,O=S(Cc1ccccn1)c1nc2ccccc2[nH]1,3,4
639,O=C1C2=CC3CC4COC(C3=O)C24Oc2cc3c(cc21)C=CCO3,1,5
640,O=C(CCNNC(=O)c1ccncc1)NCc1ccccc1,1,4
641,C1CCC(OC2CCC(COC3CCCOC3)OC2)OC1,1,5
642,O=c1cccc2c(c1)CCCc1ccccc1-2,2,1
643,O=S1(=O)NC=Nc2ccccc21,2,3
644,O=C(NC1CCCCC1)NC1CCCCC1,1,1
645,c1ccc(C2CCN(CCC(c3ccccc3)c3ccccc3)CC2)cc1,1,3
646,C1N2CN3CN1CN(C2)C3,1,5
647,O=C(C[NH2+]Cc1ccccc1)Nc1ccccc1.c1ccccc1,1,2
648,O=C(OC1C2CCC=C(CC(=O)C3CCC4OCC4C31)C2)c1ccccc1,1,1
649,O=C1C=CC2C(=C1)CCC1C2CCC2C(=O)CCC21,1,1
650,O=c1nc[nH]c2c1N=C(CNc1ccccc1)CN2,1,1
651,O=C1CCC(C(=O)N2CCSC2)N1,1,1
652,C1=[NH+]CCc2cc3c(cc21)OCO3,1,4
653,O=C(OC1CN2CCC1CC2)c1ccccc1,1,4
654,O=C(OCC=Cc1ccccc1)C1=CNC=CC1c1ccccc1,1,5
655,O=c1cc[nH]n1-c1ccccc1,4,3
656,O=C1c2ccccc2C(C2c3ccccc3C(=O)c3c(OC4CCCCO4)cccc32)c2cccc(OC3CCCCO3)c21,1,3
657,c1ccc2cnncc2c1,2,1
658,O=c1cc(-c2cccc(-c3cccc4c(=O)cc(-c5ccccc5)oc34)c2)oc2ccccc12,1,4
659,O=C(Nc1ccccn1)C(=O)NC1CCCCC1NC(=O)c1nc2c(s1)CNCC2.c1ccccc1,1,3
660,O=C1C=CC2C(C1)CC1OC(=O)CC3=CCCC2C31,1,5
661,O=S(=O)(Nc1ccccc1)c1ccccc1,1,5
662,C1=CC2CCC3Nc4ccccc4C34CCN(C1)C24,1,4
663,O=C1C2=C(OCCC2)C(=O)c2ccccc21,1,1
664,O=C1C(=NNc2cccc(-c3ccccc3)c2)C=NN1c1ccccc1,1,3
665,O=C(NC1C(=O)N2CCSC12)c1ccccc1,1,5
666,C1CC2OCCC2O1,2,4
667,c1c2c(cc3c1OCO3)CNCC2,1,4
668,C1=CC(NC2CCC(OC3CCC(OC4CCCOC4)OC3)OC2)CCC1,1,1
669,c1ccc(-c2nnn[nH]2)c(-c2ccc(Cn3ccnc3)cc2)c1,1,1
670,c1cc(Cc2ccc(OC3CCOC3)cc2)cc(C2CCCCO2)c1,1,4
671,O=C1Nc2ccccc2C12CCN1CC3COC=CC3CC12,1,1
672,C1CCC(OC2CCCOC2)OC1,2,5
673,c1ccc(N=NNc2ccccc2)cc1,1,4
674,O=C(OC1CN2CCC1CC2)N1CCc2ccccc2C1c1ccccc1,1,3
675,c1ccc(C(OC2CCNCC2)c2ccccc2)cc1,1,3
676,c1ccc(CCCNCCc2ccccc2)cc1,4,2
677,O=C1c2ccccc2C(=O)c2cc3c(cc21)CCCC3OC1CCCCO1,3,4
678,O=C1CCC2C1CCC1C3CCCCC3CCC21,1,4
679,c1ccccc1.c1ccccc1,4,1
680,c1ccc2c(c1)NC1CCCCC21,1,1
681,O=c1oc2cc3c(cc2cc1-c1ccccc1)C=CCO3,1,5
682,O=C(C=CC=Cc1ccc2c(c1)OCO2)N1CCCCC1,1,5
683,O=C1OCC2C(OC3CCC4OCOCC4O3)c3cc4c(cc3C(c3ccccc3)C12)OCO4,1,5
684,O=C1OC(c2ccoc2)CC2C1CCC1CCCC(=O)C12,1,1
685,c1cc(-c2ccc3ccccc3c2)cc(C23CC4CC(CC(C4)C2)C3)c1,1,4
686,O=C(Nc1c[nH]n(-c2ccccc2)c1=O)c1cccnc1,1,4
687,c1ccc2c(c1)ccc1ccc3c(c12)OCO3,1,3
688,O=C(c1ccco1)N1CCN(c2ncc3ccccc3n2)CC1,1,5
689,c1ccc(CNCCOc2ccccc2)cc1,1,3
690,O=C1C=C2C3=C(CCC2C(c2ccoc2)O1)C1CCC(=O)C(C3)C1=O,1,5
691,O=C(NCc1ccccc1)c1ccccc1,2,5
692,C=C1CC23CC1CCC2C12C=CCC(C(=O)O1)C2C3,1,5
693,O=C(CN1CCCC1=O)Nc1ccccc1,1,4
694,c1ccc2cc(-c3ccc4ccccc4c3)ccc2c1,2,1
695,O=c1ocnc2ccccc12,1,4
696,O=C(OC1CC2CCC(C1)[N+]21CCCC1)C(c1ccccc1)c1ccccc1,1,3
697,c1ccc(OCC2=NCCN2)cc1,1,4
698,O=c1ccoc2cc3occc3cc12,2,4
699,O=C1CCC23C=CC(=O)NCCCCNCCCNC(=O)C=Cc4ccc(c2c4)OC3C1,1,5
700,O=C1CCCCCCCCCCCC2CCCC(CC(OC3CCCCO3)C=CC=CC=CC=CC=CC=CC=CCCCCO1)O2,1,3
701,O=c1cc[nH]c2ncccc12,1,2
702,O=C(NCCc1ccccc1)c1ccccc1,1,4
703,O=C1C=CC2C(=C1)CCC1C3CCCC3CC(=O)C21,1,5
704,O=c1ccc2cc3c(cc2o1)OCC=C3,1,2
705,O=C1CC2OCC=C3CN4CCC56c7ccccc7N1C5C2C3CC46,2,1
706,c1ccc(Nc2c3ccccc3nc3ccccc23)cc1,1,5
707,O=C1C=CC2=CC=C3C(CCC4C3CCC3CCCCC34)C2=C1,1,1
708,O=C(CCCN1CCN(c2ccccn2)CC1)c1ccccc1,1,5
709,O=C(COc1ccccc1)NC(CCC(Cc1ccccc1)NC(=O)CN1CCCNC1=O)Cc1ccccc1,1,2
710,O=S1(=O)NC(C2CC3C=CC2C3)Nc2ccccc21,1,1
711,O=S(Cc1ccccn1)c1nc2ccccc2[n-]1,1,4
712,O=C1c2ccc3c(c2OC2COc4ccccc4C12)C=CCO3,2,3
713,c1cc2c(cc1OC1CCCC1)CCC1C2CCC2CCCC21,1,4
714,O=S(=O)(CCc1ccc2[nH]cc(CC3CCCN3)c2c1)c1ccccc1,1,4
715,O=C1C=CC(=O)C(Cc2ccccc2)=C1,5,3
716,O=C1OC23CCC4C5CCCCC5CCC4C2CCC12CCCCC23,1,1
717,c1ccc(CCNCCOc2ccccc2)cc1,2,4
718,O=C(COc1ccccc1)N1CCN(Cc2ccc3c(c2)OCO3)CC1,1,3
719,O=C1C=CC(OC(=O)C2CC2)C1,1,4
720,c1cnccn1,3,2
721,c1ccc(C2CCCCC2)cc1,1,4
722,O=C1CCON1,1,2
723,c1ccc(C(OC2CC3CCC(C2)N3)c2ccccc2)cc1,1,2
724,O=C(NC1CCCCC1)NS(=O)(=O)c1ccccc1,1,1
725,O=C1C=C(C=CC=CC=CC=CC=CC=CC=CC=CC=CC2=CC(=O)CCC2)CCC1,2,2
726,O=C1OC2CC1CC1C3=CCC4C5CCCCC5CCC4C3CCC21,1,5
727,O=C1NC(=O)C(c2ccccc2)C(=O)N1,1,4
728,c1cnc(N2CCCCC2)cn1,1,1
729,O=C1C=C2CCC3C4CCCC4CC(=O)C3C2CC1,2,1
730,O=C1c2ccccc2-c2ccccc21,1,5
731,C=C1C2CCC3C(c4ccoc4)OC(=O)CC13OC1CCCCC12,1,5
732,O=c1c2ccccc2sc2ccccc12,1,4
733,O=S1(=O)NC(CSCc2ccccc2)=Nc2ccccc21,1,3
734,c1cnc2cc(NC3=NCCN3)ccc2n1,1,1
735,c1ccc2c(c1)Cc1ccccc1N1CCNCC21,1,1
736,O=C1C=C2C=CC3CC2(O1)C1CCCCN31,1,5
737,O=c1[nH]c(=O)c2ccccc2o1,1,5
738,O=C1CNC(=O)C2CSSCC3NC(=O)CCSSCC(NC(=O)C(CSSCC(C(=O)NCCc4ccccc4)NC(=O)CN1)NC(=O)C(Cc1ccccc1)NC(=O)CNC3=O)C(=O)NCC(=O)N1CCCC1C(=O)NCC(=O)N2,1,3
739,C1CC[NH+](C2CC3CCC4C5CC(N6CCOCC6)CCC5CCC4C3C2)C1,1,1
740,C=C(c1ccccc1)c1ccccc1,1,1
741,[N+]=C1C=CC(=C(c2ccccc2)c2ccccc2)C=C1,1,4
742,c1ccc2c(c1)Cc1ccccc1O2,1,5
743,O=C1[O][Pt][O]C(=O)C12CCC2,1,3
744,C1CCC(OC2CCCO2)OC1,1,5
745,S=C(c1ccccc1)N1CCOCC1,1,1
746,O=C(CNCCCc1ccccc1)N1CCC2CCCC21,1,1
747,O=C(CNCCCc1ccccc1)NC1Cc2ccccc2C1,1,1
748,O=C1NCc2cncn2-c2ccccc21,1,5
749,O=C1CCCCC1c1cccs1,1,5
750,C1CCN(C2CCC3CCC4C5CC([NH+]6CCCCC6)CC5CCC4C3C2)CC1,1,5
751,c1ccc(N(CC2=NCCN2)c2ccccc2)cc1,1,1
752,O=C1CC(Cc2cnc[nH]2)CO1,1,1
753,c1ccc2c(c1)CCCC2C1=NCCN1,1,4
754,O=C1CCC2C3Cc4cccc5c4C2(CCN3CC2CC2)C1O5,1,5
755,O=C(CCS(=O)(=O)c1ccccc1)Nc1ccccc1,1,5
756,O=C1Cc2ccccc2C(=C2CCNCC2)c2ccsc21,1,3
757,c1ccc(-c2nnn[nH]2)c(-c2ccc(Cn3cnc4ccccc43)cc2)c1,1,4
758,O=C1C=CC(CCc2ccoc2)C2CCCCC12,1,1
759,c1ccc(C2(Cn3cncn3)OCC(COc3ccc(N4CCNCC4)cc3)O2)cc1,1,5
760,C(=Nc1ccccc1)NC=Nc1ccccc1,1,5
761,C1=Cc2ccccc2Nc2ccccc21,1,2
762,C1CCC(OC2CCOC2)OC1,1,4
763,O=c1cccc2n1CC1CNCC2C1,1,3
764,c1ccc(Nc2ncncn2)cc1,1,5
765,c1ccc(C2CN3CCSC3=N2)cc1,1,3
766,c1nc2nc[nH]c(Sc3cnc[nH]3)c-2n1,1,2
767,O=c1ccc(C2CCc3ccccc3O2)cc2c(C3CCc4ccccc4O3)cccc12,1,5
768,O=C1c2ccccc2C(=O)c2c1cccc2-c1cccc2c1C(=O)c1ccccc1C2=O,1,1
769,C(=CN1CCN(C(c2ccccc2)c2ccccc2)CC1)Cc1ccccc1,1,1
770,O=C1CCC2CCC3CC(=O)OC3C2C1,1,4
771,O=C1N(Cc2ccc(-c3ccccc3-c3nnn[nH]3)cc2)C=NC12CCCC2,1,1
772,C=C1CCCC(=O)OCC2=CCN3CCC(OC1=O)C23,1,4
773,C=C1NC(=O)CNC(=O)CNC(=O)CCNC(=O)C(C2CCNC(=N)N2)NC1=O,1,5
774,O=C1C=C2CCC3C4C=CCC4CCC3C2CC1,1,4
775,O=C(NCc1ncccn1)c1cnc(N2CCCC2)nc1NCc1ccccc1,1,5
776,O=C1CC2=C3CC4CCCC(C4=O)C3CCC2C(c2ccoc2)O1,2,5
777,O=C(OC1C2CCC3C4CC5C6CCCC5(C(C2)C31)C4NC6)c1ccccc1,1,3
778,c1ccc(-c2ncncn2)cc1,1,4
779,O=C(C=Cc1ccccc1)OC1CCCCC1,1,4
780,O=C1C=CCC(C=Cc2ccccc2)O1,1,1
781,C1CCN2CCCCC2C1,1,3
782,O=C(Oc1ccc2c(c1)CCC1C2CCC2CCCC21)c1ccccc1,1,5
783,O=C1C(=O)c2c(ccc3c2CCCC3)C2=C1CCO2,1,1
784,c1ccc(-c2nc(-c3ccccc3)n(-c3ccccc3)n2)cc1,1,2
785,c1ccc(CN(CC2=NCCN2)c2ccccc2)cc1,1,5
786,O=C1Nc2ccccc2CCC1NCCCc1ccccc1,1,1
787,O=C(Nc1ccon1)C1=Cc2ccccc2S(=O)(=O)N1,1,4
788,O=C(OCCNCc1ccccc1)C1=CNC=CC1c1ccccc1,1,2
789,O=c1cc(-c2ccccc2)oc2cc(OC3CCCC(COC4CCCCO4)O3)ccc12,2,4
790,O=c1[nH]c(=O)c2c(ncn2CC2OCCO2)[nH]1,1,1
791,O=C(CN1CCN(CCCOc2ccccc2)CC1)Nc1ccccc1,1,5
792,O=C(c1ccccc1)c1ccc2c(c1)CCCC2,1,2
793,c1ccc2c(c1)CCCC2,1,3
794,O=C(Nc1ccc(S(=O)(=O)Nc2nccs2)cc1)c1ccccc1,1,2
795,c1ccc(CCCCNCCc2ccccc2)cc1,1,1
796,O=C(CCCN1CCCC1)c1ccccc1,1,5
797,c1ccc(OCn2ccnc2)cc1,1,4
798,O=C(CCC1CC2=NC1=CC1=NC(=CC3=NC(=CC4=NC2CC4)CC3)CC1)NCCO[PH](=O)OC1COC(n2c[nH+]c3ccccc32)C1,1,1
799,O=C1OC2CCCOC2c2ccccc21,1,5
800,O=C1CCCO1,1,3
801,C1=C2CC3C4CCCCC4=CCC3C2CCC12CC1NCCCC1O2,1,1
802,O=C(CNCCCc1ccccc1)N1CCC2CCCCC21,1,5
803,O=C(C1COc2ccccc2O1)N1CCN(c2ncc3ccccc3n2)CC1,1,5
804,O=c1c(OC2CCCC(COC3CCCCO3)O2)c(-c2ccccc2)oc2ccccc12,2,5
805,O=C1CC(c2ccccc2)C(=O)N1,2,5
806,O=S(=O)(Nc1nccs1)c1ccccc1,2,5
807,O=C1CCCCN1c1ccc(N2CCc3cnn(-c4ccccc4)c3C2=O)cc1,1,5
808,O=c1cc[nH]c(=S)[nH]1,2,4
809,c1ccc(CCCCn2cncn2)cc1,1,2
810,O=C(OC1Cc2ccccc2OC1c1ccccc1-c1ccccc1C1Oc2ccccc2CC1OC(=O)c1ccccc1)c1ccccc1,1,4
811,O=C1C=CCCC1,1,2
812,O=c1c(-c2nnn[n-]2)cnc2ccccn12,1,2
813,O=C(C1CC1)C(c1ccccc1)N1CCc2sccc2C1,1,2
814,O=C1C(=Cc2ccccc2)COc2ccccc21,1,5
815,c1ccc2c3c([nH]c2c1)COCC3,1,1
816,C1=CCNCC1,1,1
817,O=C(c1ccccc1)c1ccc2[nH]cnc2c1,2,1
818,O=C1CCC(c2ccc3[nH]c(-c4ccccc4)nc3c2)=NN1,1,1
819,O=C1c2ccccc2C(=O)c2cc(-c3ccccc3)ccc21,1,1
820,O=c1nc[nH]c2c1NC(CNc1ccccc1)CN2,1,1
821,O=C1[O][BiH][O]c2ccccc21,1,5
822,O=C1C=CC2C3Cc4ccccc4C2(CCN3)C1,1,3
823,O=c1cc(N2CCCCC2)n(Cc2ccccc2)c(=O)[nH]1.c1ccccc1,1,5
824,O=C1Cc2cccc(c2)Oc2cccc(c2)C2NC(=O)C(Cc3ccc(cc3)Oc3cc4cc(c3OC3CCCCO3)Oc3ccc(cc3)C(OC3CCCCO3)C3NC(=O)C(NC(=O)C4NC2=O)c2cccc(c2)-c2c(cccc2OC2CCCCO2)CNC3=O)N1,1,3
825,O=c1cc(-c2ccccc2)oc2cc(OC3CCCCO3)ccc12,1,4
826,O=C1C=C2CCC3C4CCC(=O)C4CC(=O)C3C2CC1,1,3
827,C1=Cc2ccccc2C1=Cc1ccccc1,1,1
828,c1ccc(COC2CCCC(COC3CCCCO3)O2)cc1,1,2
829,O=C1C=CC2C(=C1)CCC1C2CCC2C1CC1OCOC12,6,3
830,O=C1CCC(c2ccccc2)=NN1,1,3
831,O=C(Cc1ccccc1)OC1CC2[NH2+]C(C1)C1OC21,1,1
832,O=C1c2ccccc2C(=O)c2cc3c(cc21)CCCC3,1,3
833,C1CC2CC3CCCC3(C1)C2,1,1
834,O=C(C=CC=CC=CC=CC=CC=CC=CC=CC=CC1=CCCCC1)C1CCCC1,1,4
835,O=C1CNC(=O)CNC(=O)CNC(=O)CNC(=O)CNC(=O)CNC(=O)CNC(=O)CNC(=O)CNC(=O)CNC(=O)CN1,1,1
836,O=C(NCCCNc1ncc2ccccc2n1)C1CCCO1,1,1
837,O=c1oc2ccccc2cc1Cc1ccccc1,1,5
838,O=c1[nH]cnc2nc[nH]c12,1,5
839,O=C(CC1CCCC(CCc2ccccc2)N1)c1ccccc1,1,1
840,O=C1CCCC2C3CCCN4CCCC(CN12)C34,1,1
841,O=C(CC(NC(=O)c1ccccc1)c1ccccc1)OC1C=C2CC(=O)C3CCC4OCC4C3C(OC(=O)c3ccccc3)C(C2)C1,1,5
842,O=C(NC1CCCCC1)NS(=O)(=O)c1ccc(CCN2C(=O)Cc3ccccc3C2=O)cc1,1,2
843,O=C(OC1c2nccnc2C(=O)N1c1ccccn1)N1CCNCC1,1,1
844,O=C1C(=Cc2cccs2)CCCC1=Cc1cccs1,1,4
845,O=C(c1ccc2[nH]cnc2c1)c1cccs1,1,1
846,O=C(CNCCCc1ccccc1)N1CCCC1,2,4
847,O=C1CN(N=Cc2ccc(-c3ccccc3)o2)C(=O)[N-]1,1,2
848,O=C(NN1CCCCCC1)NS(=O)(=O)c1ccccc1,1,4
849,O=C1CC2C=CC(=O)C3C4C(=O)C=CCC4CC(O1)C23,1,1
850,O=C1C=C(C2CCC3C2CCC2C4CCC(OC5CCC(OC6CCC(OC7CCCCO7)CO6)CO5)CC4CCC23)CO1,2,3
851,c1ccc(OCCCN2CCOCC2)cc1,1,5
852,O=C1NC(=S)SC1=CC=Cc1ccccc1,1,5
853,c1cc2c(cc1-c1ccc3c(c1)C1CCCCC1CC3)C1CCCCC1CC2,1,3
854,c1ccc2c[n+]3c(cc2c1)-c1cc2c(cc1CC3)OCO2,1,1
855,O=C1C=C2C3CCCCC3CCC2C2CCC3CC(OC4CCC(OC5CCCCO5)CO4)CCC3C12,1,1
856,O=C1C=CC2C(=CC(=O)C3C2CCC2C(c4ccoc4)CC4OC423)C1,2,5
857,c1ccc(CC2CCCC2)cc1,1,3
858,c1cc(Cc2cccc(-n3nc4ccccc4n3)c2)cc(-n2nc3ccccc3n2)c1,1,5
859,C=C1CCC=CCCC2CCC12,1,5
860,O=C1CCCCCCCCCCCC2CCCC(CC(OC3CCCCO3)C=CC=CC=CC=CCCC=CC=CCCCCO1)O2,1,4
861,c1ccc2c(c1)CCC(CCNCCC1CCc3ccccc3O1)O2,1,3
862,O=C(CCCCC(=O)Nc1ccccc1)Nc1ccccc1,1,4
863,C1CC2CCC1CO2,1,5
864,O=c1[nH]c(=O)c2[n-]cnc2[nH]1,1,5
865,c1ccc(-c2ccnc3ccnn23)cc1,1,4
866,O=C1CC(c2cccc(OC3CCCC3)c2)CN1,1,3
867,O=c1cccc(C=Cc2ccc3c(c2)OCO3)o1,1,3
868,O=C(CC12CC3CC(CC(C3)C1)C2)N1CCC2CC21,1,4
869,C1=Cc2cc3ccc(cc4nc(cc5ccc(cc1n2)[nH]5)C=C4)[nH]3,2,1
870,O=C1c2ccccc2C(OC2CCCCO2)c2cccc(OC3CCCCO3)c21,1,2
871,c1ccc2c(c1)CC1NCCC23CCCCC13,1,5
872,O=c1n(CCCN2CCN(c3ccccc3)CC2)nc2ccccn12,1,4
873,O=c1[nH]nnc2cncn12,1,3
874,C=C1CC2CCC3C4CCC(=O)C=C4C=CC3C2C1,1,4
875,O=C(Cc1cccnc1)c1cccnc1,1,3
876,O=C(NCCCN1CCOCC1)c1ccccc1,1,4
877,c1ccc(C2COc3ccccc3C2)cc1,1,4
878,O=C(NC1CC2CCCC(C1)N2)c1n[nH]c2ccccc12,1,5
879,C=C1C(=O)OC2CC3CCCCC3=CC12,1,5
880,O=C(NC1OC2C3CCCN3C(=O)CN2C1=O)C1C=C2c3cccc4[nH]cc(c34)CC2NC1,1,1
881,O=C1C=C2C=CC3C4CCCC4CCC3C2C2CC12,2,5
882,O=C1C=CC(=O)c2cc3occc3cc21,1,3
883,c1ccc2cc3ccccc3cc2c1,1,4
884,O=C1CC2CCC3C(CCC4C(c5ccoc5)OC(=O)C5OC543)C2C2OC12,2,4
885,C1=NCCC2c3ccccc3NC12,1,3
886,c1ccc2c(c1)N=C(N1CCNCC1)c1ccccc1N2,1,2
887,c1noc2c1CCNC2,1,1
888,O=[PH](OCC1CCC(n2cnc3cncnc32)O1)O[PH](=O)OCC1CCC([n+]2ccccc2)O1,1,5
889,c1ccc(CC2CCCCN2)cc1,1,4
890,C=C1C(C2C=CC(=O)CC2)CCC2C(c3ccoc3)OC(=O)C3OC132,1,1
891,c1cc(N2CCCCC2)nc[nH+]1,1,4
892,O=C1NC(=O)C(Cc2ccc(OCCc3ccccn3)cc2)S1,1,1
893,O=c1c(CCN2CCC(=C(c3ccccc3)c3ccccc3)CC2)cnc2sccn12,1,5
894,C(=CCn1c[nH+]c2cncnc21)CCC1CCCC2C=CCCC21,1,1
895,O=c1nc(CN2CCOC(OCc3ccccc3)C2c2ccccc2)[nH][nH]1,1,4
896,O=C(c1ccccc1)c1ccc[nH]1,2,4
897,c1ccc2c(c1)sc1ccccc12,1,2
898,c1ccc2c(c1)CCc1sccc1C2=C1CCNCC1,1,1
899,c1ccc2sccc2c1,1,1
900,O=c1ccc2cc(OC3CCCCO3)ccc2o1,1,5
901,c1ccc2c(c1)CCCO2,2,3
902,c1ccc2c(c1)NC1C3CC4CCN3C3CC21CC43,1,3
903,C1CCN2CC3C(CCC4C3CC35OC6CCCC3C6CCC45)CC2C1,1,4
904,O=C1C2=CC3CC4COC(C3)C24Oc2cc3c(cc21)C=CCO3,1,5
905,O=C1CCCC(=O)C1C(=O)c1ccccc1,1,5
906,C1=CC2=CCC3CCCCC3C2CC1,1,5
907,O=C1[N-]C(=O)C(c2ccccc2)(c2ccccc2)N1,1,5
908,O=C1Nc2cccnc2N(C2CC2)c2ncccc21,1,4
909,O=C(CC1=CCC=CC1)NC1C(=O)N2C=CCSC12,1,1
910,O=C(Nc1cccc(Nc2nccc(-c3cccnc3)n2)c1)c1ccc(CN2CCNCC2)cc1,1,4
911,O=C1C=CC2C(CCC3C4=CC(=O)OC(c5ccoc5)C4CCC32)C1,1,3
912,O=C1C=C2C(CC1)C1CCC3C(C4CC4C34CCC(=O)O4)C1C1CC21,1,3
913,c1ccc(SCSc2ccccc2)cc1,1,4
914,c1ccc(-c2nn[nH]n2)c(-c2ccc(Cn3ccnc3)cc2)c1,1,1
915,O=c1[nH]c(-c2ccccc2)nc2[nH]nnc12,1,5
916,O=C1CCC2C(=CCC3C4CCCC4CCC23)C1,1,5
917,C1CCC(OC2CCOC2OC2CCCCO2)OC1,1,1
918,c1ccc(C(c2ccccc2)c2ccccn2)cc1,1,4
919,O=C1C=CC(=CC=Cc2ccccc2)C=C1,1,5
920,O=C(Cc1ccccc1)NC1C(=O)N2C=C(C[n+]3ccccc3)CSC12,1,4
921,O=C(NC1CCCNC1)c1ccccc1,1,3
922,O=c1cc(-c2ccccc2)oc2cc(OC3OCCCC3OC3CCCCO3)ccc12,1,1
923,c1ccc2c(Nc3cc(CN4CCCC4)cc(CN4CCCC4)c3)c3ncccc3nc2c1,1,1
924,O=C1C=C2CCC3C(=C2CC1)C=CC1CCCC13,1,5
925,O=c1c(OC2CCCCO2)c(-c2ccccc2)oc2cc(OC3CCCCO3)ccc12,1,3
926,O=C1Nc2cccnc2N(C(=O)CN2CCNCC2)c2ccccc21,1,1
927,O=C1CN(CCN2CC(=O)NC(=O)C2)CC(=O)N1,1,1
928,C1CO1,1,1
929,c1ccc(CNc2ncccn2)cc1,1,1
930,C1=Cn2c3c(c4ccccc42)CCN2CCCC1C32,1,5
931,O=C(CCCN1CC=C(n2c(=O)[nH]c3ccccc32)CC1)c1ccccc1,1,4
932,O=C1CC2=C3CC4C(=O)CCC(C4=O)C3CCC2C(c2ccoc2)O1,1,5
933,O=C1C=CCCN1C(=O)C=Cc1ccccc1,1,4
934,O=C(c1ccc(OCCN2CCCCC2)cc1)c1c(-c2ccccc2)sc2ccccc12,1,5
935,C1CCN2CC3CC(CN4CCCCC34)C2C1,1,3
936,c1cc2c(c3c1CCC3)CCO2,1,1
937,O=C(Nc1ccncc1)c1cccc(OCC2CC2)c1,1,5
938,O=C1C(CCS(=O)c2ccccc2)C(=O)N(c2ccccc2)N1c1ccccc1,1,4
939,O=C1C=CC=CC(COC2CCCCO2)COC(=O)CCCC(OC2CCC(OC3CCCCO3)CO2)CCC1,1,5
940,O=C(Cc1ccccc1)OC1CCCCC1,1,5
941,C1CNCCNCCNCCN1,1,5
942,O=C(CC(=O)c1ccccc1)c1ccccc1,1,3
943,O=C(Nc1ccccn1)c1ccc2[nH]c(CNc3ccccc3)nc2c1,1,1
944,O=C(c1ccccc1)N1CCOCC1,1,3
945,O=C(NN1CC2CCCC2C1)NS(=O)(=O)c1ccccc1,1,3
946,c1ccc(CNCc2cccc3ccccc23)cc1,1,1
947,C=C1CC=CCCC2CCC12,1,5
948,c1cc(C2OCC3OC34C2CCC2C3CCCCC3CCC24)co1,1,1
949,O=C1CCC(N2C(=O)c3ccccc3C2=O)C(=O)N1,1,1
950,O=C1C=C2C3CCCC3CCC2C2CCCCC12,1,3
951,O=C1NCC(CCN2CCOCC2)C1(c1ccccc1)c1ccccc1,1,4
952,O=C1OC2(c3ccccc3Oc3ccccc32)c2ccccc21,1,3
953,O=c1ccoc2cccc(OCCCOc3cccc4occc(=O)c34)c12,1,1
954,c1ccc2c(c1)[nH]c1ccccc12,2,3
955,O=c1cc[nH]c2nc(N3CCCC3)ncc12,1,4
956,O=c1c(-c2ccccc2)coc2cc(OC3CCCCO3)ccc12,1,3
957,O=C1CCCC2CC(=O)C3C(CCC4C(c5ccoc5)OC(=O)C5OC543)C12,1,1
958,N=c1ccn2c(n1)OC1CCOC12,1,4
959,O=C1C2=CCCC3COCC23Oc2cc3c(cc21)C=CCO3,1,5
960,O=C(Nc1ccccc1)C1CCCCN1,2,1
961,O=C1C=CC(=Cc2ccc(Cc3ccc(C=C4C=CC(=O)N4)[nH]3)[nH]2)N1,1,3
962,c1ccc2c(c1)ncc1nc[nH]c12,1,4
963,c1ccc2cccc-2cc1,1,2
964,O=C1CC2C(CC34C5CCC36CC(=O)OC6OC24C(=O)O5)O1,1,1
965,O=C(C1CCCCC1)N1CC(=O)N2CCc3ccccc3C2C1,1,3
966,C1=COCCC1,1,1
967,O=C1OC(C2NCCc3cc4c(cc32)OCO4)c2ccc3c(c21)OCO3,1,1
968,O=c1c(CCN2CCC(c3noc4ccccc34)CC2)cnc2n1CCCC2,2,4
969,c1ncc(C[n+]2ccsc2)cn1,1,1
970,O=C(Cc1ccccc1)OC1CC2CCC(C1)N2,4,4
971,O=C(OCc1coc(=O)o1)c1cncn1Cc1ccc(-c2ccccc2-c2nn[nH]n2)cc1,1,3
972,C1=CCCC=CCCC=CC1,1,3
973,O=C1C=CC2C(CCC3C4CCCC4CCC23)N1,1,5
974,O=C1c2ccccc2CN1c1ccccc1,1,2
975,O=C(CCc1ccccc1)c1ccccc1OC1CCCCO1,1,3
976,C1=C2CCCCC2C2CCC34CNCC3CCC4C2C1,1,2
977,C1=CC23CCN(Cc4cc5c(cc42)OCO5)C3CC1,1,5
978,C1CC2CCC3CCC3C(C1)C2,1,2
979,O=C1c2ccccc2C(=O)c2cc(C3CCCCO3)ccc21,1,1
980,O=C1C=C2Oc3ccccc3C2C(=O)C1,1,4
981,c1nncs1,1,5
982,c1ccc(Cc2c[nH]cn2)cc1,1,3
983,C1CCc2nnnn2CC1,1,4
984,O=C(NC(=O)c1ccccc1)Nc1ccccc1,3,3
985,C1=Cc2ccccc2Cc2ccccc21,1,2
986,O=C(SC=CNCc1cncnc1)c1ccccc1,1,2
987,O=C1C=CC2=C3c4ccccc4OCC3CC2=C1,2,3
988,C1=Cc2ccccc2C(=C2CCNCC2)c2ccccc21,1,4
989,C(=Cc1ccccc1)C1=NCCCN1.c1ccc2c(Cc3cccc4ccccc34)cccc2c1,1,1
990,O=C1Cc2ccccc2Sc2ccccc21,1,5
991,O=C1C=CNC(=O)C1,1,1
992,O=C1CC2CCCC2C2CCC3CCCCC3C12,1,5
993,O=c1ccc2cc3c(cc2o1)OCCO3,1,3
994,O=C1CCC2C3Cc4cccc5c4C2(CCN3)C1O5,1,5
995,C1=COC(OC2CCCC(OC3CCCCO3)C2)CC1,2,5
996,C1CSSC1,2,5
997,c1ccc2[nH]c(N3CCCNCC3)nc2c1,1,2
998,O=S(Cc1ccccn1)c1nc2ncccc2[nH]1,1,4
999,c1ccc(CNCCC(c2ccccc2)c2ccccc2)cc1,1,3
1000,O=c1c2c(oc3c4c(ccc13)OCC=C4)COc1ccccc1-2,1,1
1001,O=C1c2cc[nH]c2CCC1CN1CCOCC1,1,1
1002,O=c1[n-]c(=O)[nH]c(=O)[nH]1,1,2
1003,O=C1CCC2C(OC3CCCCO3)OC=CC12,1,5
1004,c1ccc(C(c2ccccc2)C2CCN(CCc3ccc4c(c3)CCO4)C2)cc1,1,3
1005,O=S1(=O)CCCc2ccsc21,1,5
1006,O=S(=O)(Nc1ccccn1)c1ccc(N=Nc2ccccc2)cc1,1,5
1007,c1ccc(N2CCNCC2)cc1,1,3
1008,O=C1C=CC2C(=C1)CCC1C2CCC2C1CC1OC=NC12,1,1
1009,O=C(CCCN1CCC(N2CCCCC2)CC1)c1ccccc1,1,4
1010,c1ccc(-c2ccc3ccccc3n2)cc1,1,1
1011,C1CCC2C(C1)CCC1OCCC12,1,5
1012,O=C1CCC2C1CCC1c3ccccc3CCC12,1,5
1013,O=C1C=CC2C(C1)CC(=O)C1C2CCC2C(c3ccoc3)OC(=O)C3OC321,1,1
1014,C1CCOC1,1,3
1015,O=C1CCCCCCCC(=O)CCCC(=O)CC(=O)OC(CCCCCC(=O)c2ccccc2)CC=CC=CC=CC=CC=CC=CC=CC(OC2CCCCO2)CCCCC1,1,4
1016,C1=C2CCC3C4CCCC4CCC3C2Cc2cnoc21,1,5
1017,O=C1CCC(c2ccccc2)C(=O)N1,1,5
1018,O=C1C=C2CCC3C(CCC4C3CCC43CCC(=O)O3)C2CC1,1,5
1019,c1ccc(OCC2NCCS2)cc1,1,4
1020,c1ccc2c(c1)CC1c3ccccc3CCN1C2,1,5
1021,O=C1c2ccccc2NCN1c1ccccc1,1,4
1022,c1ccc(NCc2ccco2)cc1,1,5
1023,O=C1C=C2CCC3C4CCC(=O)C4CCC3C2CC1,1,5
1024,O=c1[nH]cnc2[nH]ncc12,1,1
1025,O=C1C(=O)c2c(ccc3c2CCCC3)-c2occc21,1,1
1026,O=C1CCCN1C(=O)c1ccccc1,1,5
1027,O=C1CC2CCCCC2c2ccccc21,1,3
1028,c1ccc2c(CC3=NCCN3)cccc2c1,1,1
1029,C1CC2CCC(C1)N2,1,5
1030,C=C1CCC2C1CCC1C3CCCCC3CCC21,1,4
1031,c1coc(CNc2ncnc3[nH]cnc23)c1,1,5
1032,C1CCC(OC2CCCCO2)OC1,1,5
1033,O=C1CC(c2ccccc2)Sc2ccccc2N1,1,4
1034,O=c1cccco1,1,1
1035,c1ccc(C(CCN2CCCCC2)c2ccccc2)cc1,1,3
1036,c1ccc(C2CCN(C3CCCCC3)CC2)cc1,1,1
1037,c1cc[nH]c1,1,5
1038,O=C(OC1CC2CCC(C1)N2)c1c[nH]c2ccccc12,1,4
1039,O=C1CCC(N2Cc3ccccc3C2=O)C(=O)N1,1,3
1040,O=C1NCC(=O)N2C1Cc1c([nH]c3ccccc13)C2c1ccc2c(c1)OCO2,1,3
1041,c1ccc(CCCN2CCOCC2)cc1,1,1
1042,O=C1NCC(COc2ccccc2)O1,1,3
1043,O=C1C(=O)c2c(ccc3ccccc23)C2=C1CCO2,1,4
1044,O=C1NCNc2ccccc21,1,3
1045,O=S(=O)(c1ccccc1)c1ccccc1,2,5
1046,c1cncc(CSSCc2cccnc2)c1,1,1
1047,C(=Cc1cccs1)C1=NCCCN1.c1ccc2c(Cc3cccc4ccccc34)cccc2c1,1,1
1048,O=c1nc[nH]c2[nH]cc(CCc3ccccc3)c12,1,4
1049,S=c1cc(-c2cnccn2)ss1,1,1
1050,C=C1NC(=O)CNC(=O)CNC2C=Cc3ccc(nc3C2)C(=O)OCC2NC(=O)c3csc(n3)CNC(=O)C3CSC(=N3)C(=C)NC(=O)CNC(=O)c3csc(n3)C3(CCC(c4nccs4)=NC3c3csc2n3)NC(=O)CNC1=O,1,1
1051,O=C(Nc1nccs1)C1=Cc2ccccc2S(=O)(=O)N1,1,4
1052,c1nc(N2CCCCC2)c2ncnc(N3CCCCC3)c2n1,1,2
1053,c1ccc2c(c1)c1c3n2CCC2CCCN(CC1)C32,1,5
1054,C1=NCC2c3ccccc3Cc3ccccc3N12,1,5
1055,O=c1[nH]ncn1-c1ccc(N2CCN(c3ccc(OCC4COC(Cn5cncn5)(c5ccccc5)O4)cc3)CC2)cc1,1,2
1056,c1ccc(-c2ccc3ccccc3[o+]2)cc1,1,4
1057,c1ccc(OCn2cncn2)cc1,1,5
1058,C=C1C2CCC3C(c4ccoc4)OC(=O)CC13OC1CC(=O)CCC12,1,5
1059,C1CC2CCC34CCC(CCC3CC2C1)C4,1,4
1060,O=C1C2CC3CC(C2)CC1C3,1,4
1061,O=C1CCCC1Cc1ccccc1,1,5
1062,O=C1C=CC2OC2CCCC2CCCC(CC(OC3CCCCO3)C=CC=CC=CC=CCCO1)O2,1,3
1063,C1CCC(C2CCCCC2)CC1,1,1
1064,c1ccc(Nc2ccncc2)cc1,1,2
1065,O=c1c(OC2CCCCO2)c(-c2ccccc2)oc2ccccc12,1,2
1066,c1cncc(C2CCCN2)c1,1,3
1067,c1ccc2c(c1)NC1NCCC21.c1ccccc1,1,4
1068,O=C1C(=O)c2ccccc2C2=C1CCCO2,1,4
1069,O=C1CCC2C(CCC3C2CCC2C(c4ccoc4)OC(=O)C4OC423)C1,1,4
1070,c1ccc(CN2CCCCC2)cc1,1,5
1071,c1ccc(Oc2ccnc3ccccc23)cc1,1,1
1072,O=C1CCC2=C(CCC3C2CCC2CCCC23)C1,1,4
1073,O=C(Cc1ccsc1)NC1C(=O)N2CCSC12,1,1
1074,c1ncncn1,1,5
1075,O=C(NC1CCCCC1)NS(=O)(=O)c1ccc(CCNC(=O)c2cnccn2)cc1,1,1
1076,C(=C1c2ccccc2-c2ccccc21)c1ccccc1,1,3
1077,c1cc2c3c(c[nH]c3c1)CC1NCCCC21,1,5
1078,O=C1OC(c2ccoc2)C2CCC3C4CC=CCC4CCC3C23OC13,1,4
1079,O=C1OCC2C(OC3CCC4OC(c5cccs5)OCC4O3)c3cc4c(cc3C(c3ccccc3)C12)OCO4,1,4
1080,O=c1[nH]c2ccccc2n1CCCN1CCC(n2c(=O)[nH]c3ccccc32)CC1,1,3
1081,c1ccc(-c2ncoc2-c2ccccc2)cc1,1,1
1082,O=C1C=CC2C(C=CC3C2CCC2C(c4ccoc4)OC(=O)C4OC432)C1,1,4
1083,c1ccc(-c2nc(-c3ccccc3)nc(-c3ccccc3)n2)cc1,1,1
1084,c1ccc(C(c2ccccc2)N2CCNCC2)cc1.c1ccc2c(Cc3cccc4ccccc34)cccc2c1,1,4
1085,O=C(OCCN1CCN(C(c2ccccc2)c2ccccc2)CC1)C1=CNC=CC1c1ccccc1,1,4
1086,O=C(OCc1coc(=O)o1)c1cccc2ncn(Cc3ccc(-c4ccccc4-c4ncon4)cc3)c12,1,3
1087,O=S(=O)(c1cccc2cnccc12)N1CCCNCC1,1,2
1088,O=C(NCCc1ccccc1)C1CCCCC1,1,1
1089,O=C1Cc2ccccc2Nc2ccccc21,1,5
1090,O=C1CCCC2C3CC(CN12)C1CCCCN1C3,1,1
1091,O=C(CCC1CCCC1)OC1CCC2C1CCC1c3ccccc3CCC12,1,5
1092,C(=Cc1ccccc1)Cc1ccccc1,1,1
1093,O=C1CNC(=O)N1c1ccccc1,1,1
1094,O=C(NC1C(=O)N2CCSC12)c1cccc2ccccc12,1,3
1095,O=C1C=C2C=CC3C(CCC4C3CCC43CCC(=O)O3)C2CC1,1,4
1096,O=C1Cc2ccccc2N1,1,2
1097,O=C1CCCC1,1,4
1098,O=C1CCc2cc(OCCCCc3nnnn3C3CCCCC3)ccc2N1,1,4
1099,c1ccc2c(c1)CCNC2CC1CCN2CCc3ccccc3C2C1,1,4
1100,O=C1C=C(C2CCC(c3ccccc3)CC2)C(=O)c2ccccc21,1,2
1101,c1ccc(-c2c[nH]c3ccccc23)cc1,1,4
1102,C1=CC(n2cnc3c(NC4CC4)ncnc32)CC1,1,4
1103,O=c1n(CCOc2ccccc2)cnn1CCCN1CCN(c2ccccc2)CC1,1,3
1104,O=C(NS(=O)(=O)c1ccccc1)c1ccccc1,1,4
1105,C1CCC(OC2CCC3OC(OC4CCCCO4)CCC3O2)CC1,1,3
1106,c1ccc(C(c2ccccc2)(c2ccccc2)n2ccnc2)cc1,1,5
1107,O=C1C=C2CCC3C4CCC5(CCC(=O)O5)C4CC4OC43C2CC1,1,3
1108,c1ccc(N=C2NCCN2)cc1,1,5
1109,O=S1(=O)NC(Cc2ccccc2)Nc2ccccc21,1,4
1110,c1ccc(-c2ccccc2-c2nn[nH]n2)cc1,1,4
1111,C1=NCCN1Cc1cccnc1,1,4
1112,c1ccc(Nc2ccc(N=Nc3cccc4ccccc34)c3ccccc23)cc1,1,3
1113,c1ccc2cc(N=Nc3ccc(-c4ccc(N=Nc5ccc6ccccc6c5)cc4)cc3)ccc2c1,1,4
